first_name,last_name,email,gender,departament,hired date,salary
Bear,Wetherby,bwetherby0@ning.com,Male,Business Development,28/08/2021,$4359.67
Isador,Spavins,ispavins1@gravatar.com,Female,Training,05/04/2020,$3162.45
Lola,Schechter,lschechter2@dyndns.org,Female,Research and Development,04/04/2020,$4329.67
Jerrilee,Glisane,jglisane3@altervista.org,Female,Research and Development,13/01/2020,$4989.22
Thoma,Nizet,tnizet4@php.net,Male,Accounting,14/09/2019,$3695.80
Adolphus,Oliffe,aoliffe5@com.com,Female,Business Development,26/03/2019,$2696.64
Booth,Caulliere,bcaulliere6@ftc.gov,Male,Legal,06/12/2021,$3958.10
Ethelyn,Siman,esiman7@ycombinator.com,Male,Accounting,21/03/2019,$1593.48
Roland,Klehn,rklehn8@timesonline.co.uk,Male,Sales,23/11/2020,$3868.59
Demott,Leonardi,dleonardi9@twitter.com,Female,Legal,31/12/2019,$4402.40
Robby,Rusbridge,rrusbridgea@cdc.gov,Male,Training,29/11/2021,$4182.00
Ermentrude,Twelftree,etwelftreeb@cpanel.net,Female,Business Development,16/10/2019,$1769.77
Cathyleen,Maginot,cmaginotc@nymag.com,Female,Engineering,22/03/2019,$1820.65
Terrance,Rahill,trahilld@drupal.org,Male,Sales,08/03/2020,$2962.87
Maisie,McLane,mmclanee@un.org,Male,Accounting,01/04/2019,$4093.52
Rosalind,Martinek,rmartinekf@hugedomains.com,Male,Training,28/03/2020,$3446.24
Ida,Buggs,ibuggsg@google.es,Male,Business Development,20/07/2021,$4564.45
Myrle,Strauss,mstraussh@bluehost.com,Female,Sales,10/10/2018,$3512.58
Dorotea,Enticott,denticotti@twitpic.com,Female,Sales,27/01/2020,$1527.51
Mariska,Del Checolo,mdelchecoloj@lulu.com,Male,Engineering,03/02/2021,$3535.29
Riordan,Grimston,rgrimstonk@csmonitor.com,Male,Services,15/10/2019,$3063.03
Dav,Boyan,dboyanl@ustream.tv,Female,Marketing,15/01/2022,$2912.14
Martie,Hebard,mhebardm@slashdot.org,Male,Business Development,22/01/2020,$1787.93
Allen,Klimkin,aklimkinn@edublogs.org,Male,Support,09/08/2021,$4052.33
Richmound,Pampling,rpamplingo@tuttocitta.it,Male,Engineering,20/02/2021,$1828.36
Cherice,Pockett,cpockettp@shinystat.com,Male,Sales,06/01/2020,$1591.09
Greggory,Scutter,gscutterq@google.com.hk,Female,Research and Development,24/11/2019,$2064.26
Abagail,Labern,alabernr@nhs.uk,Male,Services,19/11/2021,$2601.65
Blanch,Hamilton,bhamiltons@goo.gl,Male,Engineering,12/03/2019,$2878.69
Chucho,Bagger,cbaggert@jimdo.com,Male,Sales,01/06/2018,$3604.43
Harry,Titchmarsh,htitchmarshu@ycombinator.com,Male,Training,17/08/2018,$2592.76
Rosalia,Coneley,rconeleyv@gizmodo.com,Female,Accounting,03/04/2019,$2645.14
Heindrick,Belliard,hbelliardw@spotify.com,Male,Sales,22/01/2019,$3249.13
Marinna,Malham,mmalhamx@zimbio.com,Female,Support,30/10/2019,$3851.58
Lorri,Bootell,lbootelly@biglobe.ne.jp,Female,Services,07/06/2020,$2304.64
Say,Melonby,smelonbyz@php.net,Male,Legal,05/04/2018,$1932.76
Jean,Clempton,jclempton10@pcworld.com,Male,Sales,14/12/2020,$4854.98
Cody,Langridge,clangridge11@unblog.fr,Female,Research and Development,02/09/2021,$3917.12
Jeff,MacFadzean,jmacfadzean12@weibo.com,Male,Legal,09/06/2020,$1629.02
Alford,Love,alove13@etsy.com,Genderfluid,Research and Development,16/07/2021,$4158.14
Ebony,Lamke,elamke14@apple.com,Female,Training,21/06/2019,$3588.47
Rodney,Caldairou,rcaldairou15@taobao.com,Female,Business Development,10/02/2022,$4675.71
Ava,Depport,adepport16@amazon.com,Male,Accounting,20/06/2020,$2037.11
Olag,Fentem,ofentem17@de.vu,Male,Accounting,17/07/2019,$4904.22
Ignacio,Bernardeschi,ibernardeschi18@sourceforge.net,Male,Support,19/01/2021,$3915.64
Townie,Pilpovic,tpilpovic19@tuttocitta.it,Male,Engineering,21/12/2020,$2792.16
Joleen,Harragin,jharragin1a@techcrunch.com,Male,Sales,24/03/2018,$3719.48
Kinnie,Quincee,kquincee1b@yellowbook.com,Male,Accounting,06/09/2021,$4927.22
Otho,Korn,okorn1c@diigo.com,Female,Engineering,28/01/2020,$4766.50
Myra,Whittuck,mwhittuck1d@howstuffworks.com,Female,Engineering,27/07/2020,$3862.06
Peter,Lamasna,plamasna1e@google.de,Male,Services,17/12/2020,$3085.35
Duncan,Buff,dbuff1f@comcast.net,Female,Services,27/02/2019,$2189.35
Mikol,Otteridge,motteridge1g@elpais.com,Female,Legal,08/05/2018,$3273.02
Glynnis,Boydle,gboydle1h@g.co,Female,Accounting,29/02/2020,$4515.65
Rockie,Willgoose,rwillgoose1i@noaa.gov,Male,Human Resources,14/05/2021,$4667.65
Emanuele,Bardwall,ebardwall1j@creativecommons.org,Polygender,Legal,11/08/2019,$3358.50
Arty,Pickerin,apickerin1k@oaic.gov.au,Female,Legal,10/04/2021,$1830.51
Adena,Stowte,astowte1l@psu.edu,Female,Marketing,09/10/2019,$1608.66
Allin,Esland,aesland1m@economist.com,Female,Engineering,05/09/2020,$3611.64
Marsha,Fassbindler,mfassbindler1n@aol.com,Male,Engineering,31/12/2018,$3134.58
Gardiner,Rhucroft,grhucroft1o@illinois.edu,Male,Training,04/09/2019,$2204.83
Dorothy,Southerell,dsoutherell1p@state.tx.us,Female,Training,18/01/2019,$3117.47
Fergus,Galilee,fgalilee1q@facebook.com,Male,Sales,09/10/2021,$3479.15
Lisle,Harryman,lharryman1r@guardian.co.uk,Female,Legal,31/03/2021,$3246.21
Sumner,Dovey,sdovey1s@theatlantic.com,Male,Accounting,19/07/2021,$4297.29
Dom,Mayhead,dmayhead1t@trellian.com,Female,Research and Development,28/01/2022,$4090.58
Sabina,Cornwall,scornwall1u@dropbox.com,Female,Services,12/04/2021,$4424.78
Filippo,Terbrugge,fterbrugge1v@networksolutions.com,Female,Engineering,08/04/2018,$1639.03
Dela,Petris,dpetris1w@netlog.com,Polygender,Legal,25/10/2021,$2309.96
Abelard,Grievson,agrievson1x@blogtalkradio.com,Female,Sales,10/03/2020,$4185.01
Emma,Gosse,egosse1y@goo.gl,Female,Engineering,26/04/2019,$3702.01
Milli,Basire,mbasire1z@unesco.org,Male,Product Management,22/08/2021,$3340.57
Katharina,Sillwood,ksillwood20@whitehouse.gov,Male,Training,22/12/2021,$2295.95
Saxe,Christoffe,schristoffe21@latimes.com,Male,Support,01/12/2020,$4968.06
Jennette,China,jchina22@vimeo.com,Female,Product Management,11/01/2022,$4091.29
Peta,Gorvin,pgorvin23@technorati.com,Female,Marketing,20/07/2021,$2758.52
Karena,Sansam,ksansam24@walmart.com,Male,Product Management,25/04/2021,$2425.95
Chaddy,McVrone,cmcvrone25@photobucket.com,Female,Training,11/02/2022,$3998.48
Jeremy,Govenlock,jgovenlock26@hostgator.com,Non-binary,Business Development,24/12/2021,$1596.82
Hollyanne,Bickersteth,hbickersteth27@boston.com,Male,Product Management,06/05/2018,$3703.68
Zane,Danelet,zdanelet28@mapquest.com,Agender,Sales,01/02/2022,$3669.82
Irma,Driffield,idriffield29@mapy.cz,Female,Marketing,15/04/2018,$2473.62
Anitra,McIsaac,amcisaac2a@goo.gl,Bigender,Training,06/09/2020,$4081.76
Drusie,Aysik,daysik2b@diigo.com,Male,Human Resources,29/03/2019,$2786.31
Leoine,Lambird,llambird2c@ustream.tv,Male,Research and Development,05/06/2018,$2016.30
Staford,Satyford,ssatyford2d@mapy.cz,Female,Engineering,16/10/2021,$3988.93
Iona,Eschalotte,ieschalotte2e@mit.edu,Male,Human Resources,14/08/2019,$1821.88
Albrecht,Macak,amacak2f@springer.com,Female,Support,09/09/2018,$2631.29
Dorthea,Allderidge,dallderidge2g@hhs.gov,Female,Training,24/12/2021,$3818.67
Appolonia,Marioneau,amarioneau2h@prnewswire.com,Female,Training,31/03/2018,$1674.52
Ophelie,Darwen,odarwen2i@prlog.org,Female,Engineering,19/07/2019,$3876.27
Guillermo,Broady,gbroady2j@sakura.ne.jp,Male,Sales,28/05/2018,$1789.09
Lynnet,Wilkisson,lwilkisson2k@macromedia.com,Male,Legal,17/05/2020,$4809.08
Randi,Dorset,rdorset2l@businessweek.com,Female,Business Development,22/04/2019,$2781.19
Dyana,Gonzales,dgonzales2m@bravesites.com,Male,Sales,19/11/2018,$4940.16
Juliet,Vallance,jvallance2n@squarespace.com,Female,Engineering,26/02/2019,$4612.95
Sancho,Little,slittle2o@nytimes.com,Male,Training,13/02/2022,$3267.64
Marten,Danilovitch,mdanilovitch2p@ask.com,Male,Research and Development,07/02/2022,$3548.04
Verna,Hake,vhake2q@walmart.com,Female,Accounting,19/02/2022,$1679.47
Irv,Cure,icure2r@linkedin.com,Male,Human Resources,21/06/2020,$2402.95
Domingo,McEvilly,dmcevilly2s@moonfruit.com,Female,Training,12/07/2018,$1817.31
Allyn,Pasquale,apasquale2t@spiegel.de,Female,Services,16/05/2021,$3539.08
Saundra,Gauche,sgauche2u@discuz.net,Female,Accounting,06/07/2021,$3477.33
Stacee,Blanchette,sblanchette2v@ezinearticles.com,Female,Business Development,09/08/2021,$3652.12
Corette,Antal,cantal2w@addtoany.com,Female,Business Development,07/08/2021,$4918.86
Mylo,Sircomb,msircomb2x@photobucket.com,Male,Legal,06/01/2020,$2420.91
Mae,Keenlyside,mkeenlyside2y@craigslist.org,Female,Services,20/01/2020,$3334.36
Lucila,Acland,lacland2z@ezinearticles.com,Female,Engineering,04/12/2019,$3985.07
Hyacintha,Pates,hpates30@dion.ne.jp,Female,Services,03/01/2019,$4412.89
Letti,Bottrill,lbottrill31@cornell.edu,Female,Accounting,06/06/2019,$2324.15
Kiah,Aymeric,kaymeric32@liveinternet.ru,Male,Research and Development,05/03/2022,$3834.30
Fidel,Storck,fstorck33@nih.gov,Male,Marketing,22/09/2021,$4308.22
Simon,Schild,sschild34@go.com,Male,Marketing,05/12/2019,$1901.31
Susi,Muriel,smuriel35@bigcartel.com,Male,Legal,19/07/2020,$2110.89
Hillie,Itzakovitz,hitzakovitz36@weebly.com,Female,Services,15/01/2021,$2949.13
Arabele,Lebang,alebang37@opera.com,Female,Research and Development,30/06/2018,$2898.67
Rainer,Jobbins,rjobbins38@indiegogo.com,Male,Product Management,05/03/2022,$2011.20
Vanny,Pentony,vpentony39@hc360.com,Male,Human Resources,31/07/2018,$2288.67
Madelaine,Fielding,mfielding3a@taobao.com,Male,Legal,03/09/2021,$3760.31
Beauregard,Fishley,bfishley3b@netvibes.com,Female,Legal,06/06/2020,$4624.26
Rosabella,Keunemann,rkeunemann3c@whitehouse.gov,Male,Engineering,09/12/2019,$3945.82
Karrah,Queen,kqueen3d@craigslist.org,Female,Research and Development,03/02/2020,$3452.53
Kellby,Roskilly,kroskilly3e@bloglovin.com,Male,Research and Development,13/10/2020,$3012.18
Othello,Flaxon,oflaxon3f@diigo.com,Male,Accounting,29/04/2020,$4630.89
Darryl,Plail,dplail3g@wordpress.org,Agender,Training,20/06/2021,$1714.41
Else,Decort,edecort3h@fc2.com,Female,Engineering,12/02/2021,$4761.66
Toiboid,Durban,tdurban3i@digg.com,Agender,Services,12/03/2020,$1658.22
Ibrahim,Stollenhof,istollenhof3j@yolasite.com,Male,Services,31/05/2018,$3407.43
Brit,Eisikowitch,beisikowitch3k@latimes.com,Male,Training,05/12/2019,$4260.59
Rurik,Breinl,rbreinl3l@scientificamerican.com,Male,Research and Development,21/08/2018,$4080.96
Quinta,Walas,qwalas3m@indiatimes.com,Male,Sales,03/05/2018,$2485.07
Reynold,Dever,rdever3n@oakley.com,Male,Human Resources,21/03/2022,$1747.37
Terrye,McRobbie,tmcrobbie3o@jalbum.net,Male,Marketing,19/06/2019,$3079.88
Denni,Goaks,dgoaks3p@amazon.co.jp,Female,Engineering,08/06/2019,$4561.41
Christy,Biggar,cbiggar3q@amazon.com,Female,Marketing,20/01/2020,$2638.98
Maddie,Doogue,mdoogue3r@quantcast.com,Female,Services,17/05/2019,$2020.68
Hartwell,Stopp,hstopp3s@usda.gov,Female,Product Management,10/01/2019,$3254.92
Urbain,Geely,ugeely3t@pen.io,Male,Engineering,20/07/2020,$1602.70
Twyla,Heintsch,theintsch3u@thetimes.co.uk,Female,Accounting,29/03/2018,$2615.76
Maia,Anderbrugge,manderbrugge3v@yale.edu,Male,Legal,04/05/2020,$3322.59
Mill,Eckersall,meckersall3w@redcross.org,Male,Sales,08/06/2018,$3860.98
Ericka,Piegrome,epiegrome3x@thetimes.co.uk,Agender,Services,24/11/2020,$3559.15
Tate,Abrahmovici,tabrahmovici3y@mit.edu,Female,Legal,04/01/2021,$3045.63
Winnie,Enever,wenever3z@pen.io,Female,Research and Development,04/03/2020,$2664.13
Dona,Kettle,dkettle40@deviantart.com,Female,Sales,22/09/2018,$2954.69
Romonda,Edmands,redmands41@theguardian.com,Male,Human Resources,29/10/2020,$2524.76
Rand,Cockerill,rcockerill42@angelfire.com,Male,Human Resources,09/09/2021,$3538.22
Cullie,Dragon,cdragon43@dailymotion.com,Female,Marketing,26/04/2019,$4187.97
Corly,Consterdine,cconsterdine44@whitehouse.gov,Female,Accounting,27/04/2019,$2308.06
Margarita,Hinckley,mhinckley45@hud.gov,Female,Business Development,22/03/2020,$1965.66
Amber,Glendza,aglendza46@amazon.de,Bigender,Training,24/05/2020,$4103.58
Jessalin,Aisbett,jaisbett47@who.int,Male,Marketing,11/11/2018,$2775.79
Virginie,Rheubottom,vrheubottom48@google.it,Male,Human Resources,14/09/2019,$3281.99
Lon,Gert,lgert49@accuweather.com,Female,Human Resources,28/02/2019,$4233.49
Brooke,Handrok,bhandrok4a@ycombinator.com,Male,Support,07/04/2018,$2100.82
Darrin,Rault,drault4b@usgs.gov,Female,Marketing,09/09/2018,$3127.79
Doretta,Bellay,dbellay4c@dagondesign.com,Female,Training,15/06/2019,$3470.57
Traver,Meineken,tmeineken4d@bigcartel.com,Male,Engineering,28/04/2018,$2255.69
Edy,Wagen,ewagen4e@flickr.com,Male,Research and Development,17/10/2019,$3937.60
Margret,McManus,mmcmanus4f@dropbox.com,Male,Support,21/04/2021,$2481.06
Hendrik,Lartice,hlartice4g@mapy.cz,Female,Sales,11/03/2021,$2556.58
Marietta,Mighele,mmighele4h@virginia.edu,Female,Engineering,27/09/2019,$3710.95
Roderick,Ettridge,rettridge4i@tmall.com,Female,Research and Development,10/06/2021,$4371.28
Antonino,Gillbe,agillbe4j@yale.edu,Female,Research and Development,01/08/2021,$2410.22
Rudy,McNess,rmcness4k@google.com.hk,Female,Accounting,05/11/2019,$2861.10
Merlina,Scholer,mscholer4l@is.gd,Female,Business Development,23/12/2019,$1594.04
Angele,Asplen,aasplen4m@cdc.gov,Female,Services,04/03/2022,$3240.32
Alister,Cleator,acleator4n@surveymonkey.com,Female,Support,30/06/2019,$3287.27
Allissa,Corns,acorns4o@boston.com,Male,Business Development,09/02/2021,$4055.89
Raimundo,Urridge,rurridge4p@msu.edu,Male,Human Resources,08/10/2018,$1975.38
Chickie,Gush,cgush4q@china.com.cn,Polygender,Sales,14/06/2019,$2182.30
Andreana,Mellenby,amellenby4r@desdev.cn,Female,Legal,18/05/2021,$2838.36
Franzen,Peatheyjohns,fpeatheyjohns4s@webmd.com,Female,Training,01/12/2021,$3157.47
Corrie,McLachlan,cmclachlan4t@fc2.com,Female,Support,07/03/2019,$1743.87
Christi,Yorston,cyorston4u@goo.gl,Male,Services,22/02/2020,$2580.19
Granny,Armfirld,garmfirld4v@auda.org.au,Female,Engineering,12/03/2020,$1960.44
Mayne,Bracer,mbracer4w@umn.edu,Female,Support,29/06/2020,$3841.20
Linzy,Duncombe,lduncombe4x@e-recht24.de,Male,Support,12/12/2018,$1735.51
Donovan,Dunks,ddunks4y@spotify.com,Male,Legal,06/12/2018,$1717.39
Timmy,Dearden,tdearden4z@forbes.com,Female,Marketing,22/10/2020,$2655.35
Lotti,Biever,lbiever50@example.com,Male,Support,31/01/2019,$1513.40
Chad,Escalera,cescalera51@wikispaces.com,Male,Support,02/01/2021,$1838.12
Benedick,Van Dijk,bvandijk52@themeforest.net,Female,Human Resources,05/05/2020,$2614.17
Arlina,Flegg,aflegg53@mac.com,Non-binary,Business Development,21/01/2020,$3313.18
Auberon,Patriskson,apatriskson54@barnesandnoble.com,Non-binary,Legal,17/02/2021,$3254.50
Tracie,Simecek,tsimecek55@sohu.com,Male,Marketing,05/12/2020,$4083.27
Natalie,Eppson,neppson56@youku.com,Male,Support,09/02/2019,$4423.25
Gaylor,Livoir,glivoir57@tmall.com,Male,Human Resources,05/04/2020,$3820.84
Zora,Gorrie,zgorrie58@reddit.com,Female,Training,10/11/2020,$1889.60
Anett,Look,alook59@amazon.de,Male,Human Resources,07/05/2021,$4322.50
Philipa,Muncaster,pmuncaster5a@joomla.org,Male,Marketing,24/06/2020,$3189.23
Lyndsie,Folke,lfolke5b@exblog.jp,Female,Services,12/06/2021,$4864.55
Willem,Becerra,wbecerra5c@state.tx.us,Female,Legal,11/02/2020,$3426.05
Hamnet,Doxey,hdoxey5d@xrea.com,Agender,Human Resources,18/06/2021,$3238.74
Barde,Aris,baris5e@joomla.org,Polygender,Engineering,11/08/2019,$4554.20
Bartie,Geipel,bgeipel5f@fema.gov,Female,Engineering,21/11/2020,$2910.64
Byrom,Sillwood,bsillwood5g@dedecms.com,Female,Product Management,02/05/2021,$1964.60
Robert,Linneman,rlinneman5h@nature.com,Female,Support,05/06/2021,$3453.67
Herrick,Trevon,htrevon5i@mayoclinic.com,Male,Marketing,20/03/2019,$1848.78
Fawnia,Pankethman,fpankethman5j@gov.uk,Male,Engineering,03/04/2020,$1903.15
Justen,Stannas,jstannas5k@nasa.gov,Female,Sales,12/01/2019,$2335.07
Lainey,Nash,lnash5l@jiathis.com,Female,Support,29/05/2019,$3144.71
Jackie,Ellaway,jellaway5m@ed.gov,Male,Accounting,15/03/2020,$4174.18
Leontyne,Maw,lmaw5n@tuttocitta.it,Female,Marketing,10/02/2020,$3032.13
Conroy,Donnachie,cdonnachie5o@example.com,Male,Engineering,29/03/2021,$4907.86
Livvie,Bridgett,lbridgett5p@state.gov,Female,Product Management,02/09/2020,$2141.81
Barbey,Di Filippo,bdifilippo5q@storify.com,Male,Product Management,07/10/2020,$4857.40
Kathie,Terram,kterram5r@goo.gl,Female,Training,07/08/2019,$2051.34
Christabella,Tucsell,ctucsell5s@mediafire.com,Male,Product Management,03/07/2018,$3823.62
Talya,Skellington,tskellington5t@discovery.com,Female,Engineering,29/12/2020,$2723.31
Mirabella,Smallsman,msmallsman5u@bing.com,Male,Accounting,08/04/2019,$3238.29
Lenci,Feore,lfeore5v@yahoo.com,Male,Accounting,27/02/2021,$3974.82
Livvy,Oldroyde,loldroyde5w@seesaa.net,Polygender,Product Management,29/09/2019,$4914.75
Brook,Francescuzzi,bfrancescuzzi5x@businesswire.com,Male,Product Management,10/07/2019,$1533.42
Aurelea,Veltmann,aveltmann5y@newyorker.com,Polygender,Human Resources,20/06/2019,$1599.14
Philbert,Lucken,plucken5z@businessweek.com,Male,Marketing,26/12/2018,$3293.05
Thayne,Risbridger,trisbridger60@homestead.com,Male,Accounting,29/01/2021,$4623.84
Rolfe,Juden,rjuden61@zimbio.com,Female,Training,30/11/2020,$3490.70
Marijn,Bartelet,mbartelet62@themeforest.net,Male,Product Management,13/08/2018,$2504.14
Talia,Morat,tmorat63@prweb.com,Male,Services,28/04/2018,$4214.37
Rory,Deesly,rdeesly64@exblog.jp,Male,Engineering,23/06/2018,$4900.43
Abigale,Abson,aabson65@chronoengine.com,Female,Business Development,06/12/2020,$3830.19
Alie,Wardley,awardley66@soup.io,Male,Marketing,28/01/2020,$4633.71
Holli,McCurlye,hmccurlye67@delicious.com,Female,Research and Development,10/10/2018,$3372.53
Karalee,Eallis,keallis68@flavors.me,Female,Legal,04/05/2019,$4357.10
Fabe,Skeleton,fskeleton69@gov.uk,Male,Training,20/06/2019,$4282.36
Jeri,Christauffour,jchristauffour6a@uiuc.edu,Male,Support,02/05/2018,$3738.97
Loralie,Mughal,lmughal6b@cbslocal.com,Male,Engineering,23/01/2021,$3670.32
Moore,Carding,mcarding6c@elegantthemes.com,Female,Human Resources,29/07/2018,$2221.51
Godfrey,McNeigh,gmcneigh6d@house.gov,Female,Marketing,12/08/2018,$2834.52
Fernande,Gallihawk,fgallihawk6e@ehow.com,Male,Support,21/10/2018,$3156.78
Denni,Larkby,dlarkby6f@google.com,Female,Legal,28/11/2021,$2359.38
Felicle,Thaxton,fthaxton6g@technorati.com,Female,Product Management,26/10/2021,$3089.17
Elita,Broom,ebroom6h@auda.org.au,Agender,Marketing,23/08/2021,$1861.60
Aarika,Whittock,awhittock6i@mtv.com,Male,Business Development,07/07/2020,$3272.60
Eldridge,Faucett,efaucett6j@springer.com,Male,Research and Development,23/05/2021,$2806.78
Editha,Endecott,eendecott6k@un.org,Female,Services,04/12/2020,$1755.82
Constantine,Hunnicot,chunnicot6l@prnewswire.com,Female,Support,19/05/2019,$4693.24
Floyd,Chaulk,fchaulk6m@liveinternet.ru,Female,Services,13/04/2019,$3757.04
Edik,Alred,ealred6n@mac.com,Male,Support,07/12/2020,$2624.97
Ringo,Extance,rextance6o@123-reg.co.uk,Male,Marketing,18/06/2020,$4347.29
Liane,Errichi,lerrichi6p@dagondesign.com,Female,Engineering,02/01/2020,$1516.15
Dolores,Rustidge,drustidge6q@barnesandnoble.com,Female,Support,05/06/2018,$2760.30
Hollis,Fudge,hfudge6r@weibo.com,Male,Engineering,11/10/2019,$3876.89
Cecilia,Twells,ctwells6s@storify.com,Male,Human Resources,22/11/2019,$1707.32
Channa,Sixsmith,csixsmith6t@state.tx.us,Male,Accounting,01/11/2021,$1895.42
Reyna,Lynagh,rlynagh6u@godaddy.com,Male,Business Development,25/01/2019,$4001.78
Augusto,Mushet,amushet6v@europa.eu,Male,Training,14/01/2020,$2932.53
Travis,Edmett,tedmett6w@godaddy.com,Male,Sales,22/07/2020,$2778.74
Ferdinande,Zeale,fzeale6x@admin.ch,Male,Training,30/11/2021,$3005.19
Allene,Gatfield,agatfield6y@woothemes.com,Female,Marketing,31/12/2018,$3811.25
Leroi,Banaszewski,lbanaszewski6z@amazon.de,Female,Human Resources,26/04/2018,$1570.57
Tisha,Stanistreet,tstanistreet70@nbcnews.com,Male,Training,22/05/2021,$2223.36
Lilas,Caldayrou,lcaldayrou71@photobucket.com,Male,Research and Development,01/05/2019,$2199.84
Decca,Pestricke,dpestricke72@kickstarter.com,Male,Product Management,20/10/2020,$4613.19
Dulce,Sterley,dsterley73@mtv.com,Female,Business Development,17/12/2020,$3590.37
Agathe,Buckingham,abuckingham74@mozilla.com,Female,Sales,07/09/2021,$3417.15
Aurea,Cullip,acullip75@studiopress.com,Male,Legal,27/08/2019,$4019.02
Goldarina,Hensmans,ghensmans76@studiopress.com,Male,Support,03/10/2018,$3329.36
Aldon,Nabarro,anabarro77@chicagotribune.com,Male,Training,19/03/2021,$3024.23
Jocelyn,Smullen,jsmullen78@shutterfly.com,Non-binary,Legal,07/03/2020,$2516.84
Tanney,Cowin,tcowin79@salon.com,Female,Services,01/11/2020,$4175.88
Annecorinne,Coiley,acoiley7a@zimbio.com,Female,Product Management,01/11/2018,$2836.80
Marlowe,Trump,mtrump7b@uiuc.edu,Female,Human Resources,29/11/2018,$2874.18
Pepita,Impey,pimpey7c@miitbeian.gov.cn,Polygender,Product Management,17/11/2020,$2051.11
Linn,De Brett,ldebrett7d@ftc.gov,Female,Legal,04/11/2019,$2800.46
Baillie,Ellor,bellor7e@histats.com,Female,Services,08/11/2019,$3309.14
Fabian,Daltry,fdaltry7f@cornell.edu,Female,Research and Development,22/09/2020,$1641.25
Judith,Mendel,jmendel7g@quantcast.com,Female,Human Resources,17/10/2018,$2794.67
Dena,Thwaite,dthwaite7h@ox.ac.uk,Female,Sales,11/11/2021,$3079.71
Erma,Gyde,egyde7i@over-blog.com,Male,Research and Development,01/08/2021,$2597.57
Eldridge,Le Jean,elejean7j@paypal.com,Female,Human Resources,02/04/2018,$4359.98
Aldon,Hulks,ahulks7k@digg.com,Female,Human Resources,17/06/2021,$2667.28
Lyndsey,Ragdale,lragdale7l@domainmarket.com,Male,Product Management,09/01/2021,$1618.19
Korie,Everwin,keverwin7m@salon.com,Non-binary,Engineering,05/09/2021,$4361.81
Smitty,Arboin,sarboin7n@economist.com,Male,Sales,20/07/2021,$3796.89
Scarface,Scantlebury,sscantlebury7o@ucsd.edu,Female,Research and Development,04/05/2018,$4431.34
Nikita,Grodden,ngrodden7p@e-recht24.de,Polygender,Training,09/08/2021,$2513.11
Noel,Beavors,nbeavors7q@histats.com,Female,Research and Development,15/07/2020,$4620.56
Melony,Strainge,mstrainge7r@noaa.gov,Female,Research and Development,19/05/2020,$3474.75
Ado,Heaker,aheaker7s@free.fr,Male,Engineering,12/07/2021,$3977.15
Hobard,Cowdery,hcowdery7t@ezinearticles.com,Female,Sales,26/02/2020,$3957.73
Chadd,Coumbe,ccoumbe7u@drupal.org,Female,Services,30/11/2021,$2793.06
Arron,Kingshott,akingshott7v@wired.com,Female,Human Resources,23/04/2021,$4111.82
Tasia,Orwin,torwin7w@wordpress.org,Male,Engineering,29/11/2019,$2104.69
Rodolphe,Joyner,rjoyner7x@wordpress.org,Female,Support,15/01/2019,$4655.65
Genvieve,Annesley,gannesley7y@accuweather.com,Male,Accounting,28/02/2021,$2132.55
Karena,Nursey,knursey7z@squarespace.com,Agender,Services,04/02/2019,$2052.48
Myca,Stemson,mstemson80@barnesandnoble.com,Bigender,Human Resources,01/01/2020,$4846.31
Worden,Howes,whowes81@twitpic.com,Female,Business Development,21/09/2018,$4685.82
Tamar,Eronie,teronie82@opera.com,Female,Training,29/11/2018,$1573.48
Suzann,Garnar,sgarnar83@twitter.com,Female,Accounting,05/06/2020,$3986.86
Drucy,Lerigo,dlerigo84@dagondesign.com,Female,Sales,20/11/2021,$2073.39
Gordy,Sygroves,gsygroves85@twitter.com,Male,Sales,10/04/2020,$3634.55
Aloin,Scading,ascading86@oakley.com,Polygender,Human Resources,10/12/2018,$4246.81
Odille,Hatwell,ohatwell87@harvard.edu,Female,Human Resources,28/05/2019,$4431.19
Tyson,D'Andrea,tdandrea88@biblegateway.com,Male,Services,09/08/2021,$3755.39
Magda,Mizen,mmizen89@bloomberg.com,Male,Support,27/12/2018,$2889.29
Gusta,Tullot,gtullot8a@shinystat.com,Female,Sales,07/04/2019,$2958.44
Germana,Bowers,gbowers8b@un.org,Female,Support,28/10/2020,$3065.09
Rena,Alyukin,ralyukin8c@amazon.co.uk,Male,Product Management,31/03/2019,$2962.99
Norah,Sanderson,nsanderson8d@pagesperso-orange.fr,Genderqueer,Marketing,22/03/2021,$1841.05
Peg,Beresfore,pberesfore8e@mlb.com,Male,Accounting,08/02/2021,$2389.49
Tyne,Cleatherow,tcleatherow8f@nhs.uk,Female,Human Resources,26/11/2020,$2943.47
Bradan,Quoit,bquoit8g@merriam-webster.com,Male,Accounting,05/05/2018,$3141.92
Hilliary,Shinn,hshinn8h@boston.com,Male,Engineering,26/05/2020,$3448.08
Delia,Keele,dkeele8i@odnoklassniki.ru,Female,Accounting,19/08/2021,$2885.68
Eamon,Yakunkin,eyakunkin8j@printfriendly.com,Polygender,Business Development,15/10/2019,$1675.08
Ram,Bengall,rbengall8k@ucla.edu,Female,Training,22/12/2019,$3467.64
Wilton,Wrintmore,wwrintmore8l@washingtonpost.com,Male,Human Resources,01/10/2019,$2990.13
Anissa,Fairbrass,afairbrass8m@mayoclinic.com,Male,Services,19/09/2018,$3321.22
Adlai,Pittem,apittem8n@skyrock.com,Female,Product Management,31/05/2020,$1628.49
Nari,Cheeke,ncheeke8o@ox.ac.uk,Female,Services,10/09/2020,$1578.01
Sonnie,Deport,sdeport8p@blogger.com,Female,Business Development,11/04/2019,$3005.15
Art,McCully,amccully8q@i2i.jp,Female,Support,29/05/2021,$2970.99
Molli,Coats,mcoats8r@free.fr,Bigender,Training,07/10/2019,$2674.19
Jo-anne,Ginnelly,jginnelly8s@cocolog-nifty.com,Male,Accounting,30/07/2019,$4583.23
Gwen,Vamplers,gvamplers8t@opensource.org,Male,Research and Development,27/12/2018,$4971.74
Jolynn,Pettett,jpettett8u@hp.com,Female,Legal,17/10/2020,$4363.83
Joel,Cunnow,jcunnow8v@live.com,Female,Sales,02/11/2018,$3865.14
Shermie,Livett,slivett8w@chron.com,Female,Human Resources,23/04/2019,$3576.58
Karlie,Thirlwell,kthirlwell8x@microsoft.com,Male,Sales,18/06/2021,$4155.17
Ignace,Dulson,idulson8y@samsung.com,Male,Accounting,27/05/2020,$2144.59
Padgett,Besson,pbesson8z@dot.gov,Genderfluid,Research and Development,22/10/2018,$3041.61
Gayler,Dawson,gdawson90@epa.gov,Polygender,Marketing,02/05/2019,$4043.34
Darius,West,dwest91@geocities.jp,Female,Training,05/09/2018,$1967.59
Charmane,Skakunas,cskakunas92@macromedia.com,Genderqueer,Sales,23/07/2021,$4497.33
Donnell,Reoch,dreoch93@w3.org,Female,Support,25/08/2018,$2940.47
Gerrilee,Rigbye,grigbye94@webmd.com,Female,Marketing,13/09/2018,$3817.66
Noam,Lapthorn,nlapthorn95@weather.com,Female,Services,25/07/2018,$4502.07
Mavis,Carnson,mcarnson96@surveymonkey.com,Male,Research and Development,20/02/2021,$3937.40
Clive,Kits,ckits97@i2i.jp,Male,Human Resources,28/10/2021,$2907.25
Darleen,Agglione,dagglione98@yolasite.com,Female,Support,17/10/2019,$2659.06
Berky,Pizer,bpizer99@washington.edu,Female,Legal,30/08/2019,$2619.32
Talbot,Frances,tfrances9a@oracle.com,Male,Training,11/05/2018,$1686.43
Fara,Frany,ffrany9b@noaa.gov,Male,Accounting,18/08/2019,$4897.82
Lilllie,Kassel,lkassel9c@dot.gov,Female,Support,28/02/2021,$2084.03
Crista,Waldock,cwaldock9d@altervista.org,Male,Business Development,11/09/2018,$4165.78
Thatch,Lighton,tlighton9e@t.co,Male,Product Management,21/09/2019,$2123.78
Alleyn,Stanford,astanford9f@pagesperso-orange.fr,Male,Human Resources,26/11/2021,$2200.46
Tiphanie,Crownshaw,tcrownshaw9g@japanpost.jp,Polygender,Sales,27/11/2019,$1897.54
Dall,Cavanagh,dcavanagh9h@clickbank.net,Male,Sales,19/02/2021,$2932.27
Kenny,Broadway,kbroadway9i@yandex.ru,Female,Research and Development,10/01/2019,$2907.25
Debor,MacAndie,dmacandie9j@soup.io,Male,Marketing,17/09/2021,$2595.83
Con,Matteoni,cmatteoni9k@walmart.com,Male,Research and Development,16/03/2022,$4283.93
Nannette,Rosenwald,nrosenwald9l@jiathis.com,Male,Human Resources,13/12/2021,$2154.81
Alis,Cargill,acargill9m@businessinsider.com,Female,Business Development,22/11/2020,$3086.24
Almira,Levee,alevee9n@utexas.edu,Female,Sales,22/07/2021,$3782.06
Piper,Maruszewski,pmaruszewski9o@wikispaces.com,Male,Human Resources,20/03/2020,$3664.87
Kerrill,Izhakov,kizhakov9p@vistaprint.com,Genderqueer,Product Management,12/01/2021,$3622.58
Emmalynne,Fasey,efasey9q@sourceforge.net,Genderfluid,Marketing,19/06/2020,$4446.01
Lorry,Postle,lpostle9r@abc.net.au,Bigender,Support,31/08/2018,$4613.25
Fabio,Grasner,fgrasner9s@webmd.com,Non-binary,Human Resources,25/01/2022,$4093.99
Gwen,Olligan,golligan9t@opera.com,Male,Product Management,06/01/2019,$3654.00
Isac,Fulkes,ifulkes9u@prweb.com,Male,Engineering,17/04/2021,$2889.92
North,Tweede,ntweede9v@icq.com,Female,Research and Development,22/05/2021,$2337.48
Toby,Flewett,tflewett9w@ow.ly,Male,Marketing,09/02/2022,$1525.14
Lianna,Fishpond,lfishpond9x@sakura.ne.jp,Male,Engineering,17/05/2020,$3393.17
Bobbie,Eaken,beaken9y@free.fr,Female,Marketing,10/07/2020,$3358.74
Irwin,Moralis,imoralis9z@who.int,Agender,Legal,20/12/2018,$1597.26
Pail,Edgecombe,pedgecombea0@prweb.com,Male,Human Resources,22/06/2021,$3313.28
Celeste,Hedderly,chedderlya1@latimes.com,Female,Engineering,05/12/2018,$2433.20
Daniele,McKnish,dmcknisha2@hugedomains.com,Male,Services,15/02/2019,$3285.86
Talbert,Piecha,tpiechaa3@geocities.com,Male,Engineering,12/03/2022,$3653.01
Letty,Elwin,lelwina4@spiegel.de,Female,Research and Development,19/05/2019,$4170.61
Christye,Iacapucci,ciacapuccia5@github.io,Male,Engineering,19/02/2020,$2690.39
Adel,Wellen,awellena6@sun.com,Female,Training,29/11/2019,$1971.15
Aili,Quaife,aquaifea7@posterous.com,Male,Product Management,17/10/2021,$3107.18
Ron,Baumadier,rbaumadiera8@weather.com,Non-binary,Business Development,16/12/2018,$3856.75
Budd,Duddell,bduddella9@livejournal.com,Female,Sales,31/03/2018,$3687.96
Hanan,Rockingham,hrockinghamaa@so-net.ne.jp,Genderqueer,Marketing,28/03/2021,$1940.34
Ari,Carncross,acarncrossab@princeton.edu,Genderqueer,Support,16/10/2019,$4347.64
Chrystal,Knapp,cknappac@wikimedia.org,Male,Marketing,25/11/2019,$4491.92
Laurel,Frier,lfrierad@slate.com,Male,Accounting,24/06/2021,$2909.83
Stillman,Ponton,spontonae@webmd.com,Male,Business Development,26/08/2018,$3974.26
Jacinta,Eggerton,jeggertonaf@prlog.org,Female,Marketing,26/08/2019,$2405.63
Wynne,Lambeth,wlambethag@w3.org,Male,Marketing,07/09/2020,$3035.53
Baryram,Friedman,bfriedmanah@networkadvertising.org,Female,Services,04/07/2018,$4049.84
Calvin,Inggall,cinggallai@liveinternet.ru,Male,Product Management,10/08/2019,$3715.31
Gib,Coultish,gcoultishaj@newsvine.com,Female,Human Resources,17/07/2020,$3551.78
Phebe,Babbidge,pbabbidgeak@umn.edu,Female,Sales,30/06/2020,$4727.74
Jabez,Lowden,jlowdenal@chicagotribune.com,Female,Training,28/11/2018,$4010.96
Ilysa,Eustace,ieustaceam@oracle.com,Female,Research and Development,14/01/2021,$4888.49
Tine,Shannon,tshannonan@yellowbook.com,Female,Human Resources,12/01/2022,$1688.58
Davita,Shannon,dshannonao@craigslist.org,Male,Services,23/04/2020,$2111.51
Jacqueline,McGerr,jmcgerrap@redcross.org,Female,Accounting,18/03/2020,$2670.67
Jaine,Wilcott,jwilcottaq@buzzfeed.com,Male,Engineering,13/08/2021,$2368.15
Ivor,MacGinley,imacginleyar@ihg.com,Female,Human Resources,16/06/2021,$3966.04
Phil,Arrigo,parrigoas@bizjournals.com,Male,Research and Development,13/12/2018,$2899.54
Daphna,Fawdry,dfawdryat@etsy.com,Female,Sales,23/06/2019,$2783.39
Lodovico,Bullin,lbullinau@arstechnica.com,Male,Sales,21/06/2019,$4289.00
Aldridge,Davinet,adavinetav@cloudflare.com,Male,Business Development,05/03/2019,$2293.99
Klarrisa,Cowthard,kcowthardaw@amazon.co.uk,Male,Services,18/11/2021,$2195.92
Ursola,Reddyhoff,ureddyhoffax@sitemeter.com,Male,Services,04/02/2020,$1826.06
Roderigo,Dempster,rdempsteray@newyorker.com,Female,Support,16/09/2021,$1729.99
Nicoli,MacMaster,nmacmasteraz@washington.edu,Male,Support,18/05/2021,$3155.99
Evvie,Drummond,edrummondb0@chron.com,Genderqueer,Sales,09/08/2018,$2323.84
Nance,Stonnell,nstonnellb1@phpbb.com,Male,Product Management,10/05/2019,$3917.66
Abram,Ghidetti,aghidettib2@vk.com,Male,Training,17/11/2018,$2511.50
Nadine,Dwine,ndwineb3@sfgate.com,Male,Research and Development,13/01/2020,$3958.27
Genevra,Gozney,ggozneyb4@godaddy.com,Male,Business Development,04/10/2018,$3502.65
Elke,Racher,eracherb5@qq.com,Male,Legal,06/06/2018,$4991.72
Thia,Faithfull,tfaithfullb6@seattletimes.com,Female,Research and Development,19/01/2019,$2704.03
Dionne,Yude,dyudeb7@indiegogo.com,Female,Accounting,06/04/2019,$3846.43
Petronella,Cowdery,pcowderyb8@livejournal.com,Agender,Research and Development,13/10/2019,$3460.67
Miles,Gibbonson,mgibbonsonb9@nymag.com,Female,Engineering,11/10/2018,$1888.26
Maegan,Vawton,mvawtonba@shareasale.com,Male,Training,03/04/2018,$3298.23
Dulcinea,Gibbens,dgibbensbb@senate.gov,Male,Human Resources,03/03/2020,$4596.75
Karim,Skupinski,kskupinskibc@boston.com,Female,Sales,01/02/2021,$1783.93
Tony,Itscovitz,titscovitzbd@cam.ac.uk,Female,Marketing,03/10/2018,$1836.77
Crystie,De Fries,cdefriesbe@globo.com,Female,Research and Development,29/04/2020,$4965.39
Annmarie,Frid,afridbf@uiuc.edu,Male,Marketing,28/06/2018,$3060.41
Theressa,Partridge,tpartridgebg@yahoo.co.jp,Female,Business Development,29/05/2019,$2812.56
Velma,McMorland,vmcmorlandbh@ifeng.com,Male,Research and Development,28/12/2021,$1616.88
Caprice,Annesley,cannesleybi@cam.ac.uk,Female,Services,04/08/2019,$4358.44
Lethia,Ellaway,lellawaybj@utexas.edu,Female,Training,15/11/2020,$3787.15
Oralie,Rosier,orosierbk@tinyurl.com,Female,Engineering,24/08/2018,$4283.89
Alia,Wollard,awollardbl@seattletimes.com,Polygender,Engineering,25/09/2018,$2743.78
Cammi,Neachell,cneachellbm@microsoft.com,Female,Human Resources,14/05/2018,$3032.25
Ransell,Olivari,rolivaribn@theglobeandmail.com,Male,Marketing,07/08/2019,$3630.28
Shani,Autin,sautinbo@123-reg.co.uk,Female,Legal,26/04/2018,$3617.21
Selle,Domico,sdomicobp@sohu.com,Genderqueer,Human Resources,23/02/2022,$1538.67
Carolus,Lantiffe,clantiffebq@ow.ly,Agender,Legal,11/08/2020,$1882.90
Pete,Padgham,ppadghambr@npr.org,Male,Legal,10/05/2018,$4489.77
Isabel,Lilleycrop,ililleycropbs@vkontakte.ru,Female,Training,24/08/2018,$3084.95
Bucky,Tolland,btollandbt@jimdo.com,Female,Services,29/07/2021,$1740.34
Sherilyn,Yannoni,syannonibu@bloomberg.com,Male,Business Development,19/11/2018,$4043.74
Jess,Lillyman,jlillymanbv@soundcloud.com,Male,Research and Development,09/04/2020,$4710.03
Oswell,Banbridge,obanbridgebw@walmart.com,Female,Support,16/10/2021,$2816.66
Roi,Cogman,rcogmanbx@walmart.com,Male,Accounting,06/03/2022,$2944.25
Zsa zsa,Witherdon,zwitherdonby@instagram.com,Bigender,Engineering,26/08/2019,$3144.77
Sabine,Linnemann,slinnemannbz@army.mil,Male,Training,12/04/2020,$2020.16
Aubert,Bricklebank,abricklebankc0@howstuffworks.com,Male,Product Management,03/03/2019,$2221.24
Huberto,Denington,hdeningtonc1@omniture.com,Male,Research and Development,25/12/2021,$4473.58
Colline,Goodredge,cgoodredgec2@ihg.com,Female,Legal,13/11/2019,$3381.41
Gris,Milstead,gmilsteadc3@gizmodo.com,Female,Services,19/12/2020,$3636.31
Luciano,Burnel,lburnelc4@webs.com,Female,Support,04/07/2019,$3285.59
Nancy,Boyne,nboynec5@bizjournals.com,Male,Product Management,11/02/2019,$4287.97
Laird,Minors,lminorsc6@soup.io,Female,Legal,10/05/2020,$4258.56
Archibald,Lotherington,alotheringtonc7@sfgate.com,Male,Business Development,21/01/2020,$1907.67
Nat,Mossop,nmossopc8@unesco.org,Female,Support,17/10/2021,$4139.37
Bernadine,Iglesias,biglesiasc9@hud.gov,Male,Engineering,18/03/2019,$3746.08
Marthena,Keddy,mkeddyca@about.me,Female,Product Management,16/05/2021,$3406.62
Kelby,Spinola,kspinolacb@businessweek.com,Female,Sales,06/10/2019,$3176.10
Griz,Starkings,gstarkingscc@time.com,Male,Business Development,15/04/2020,$2185.67
Emmalee,Joan,ejoancd@statcounter.com,Bigender,Training,23/05/2018,$3600.25
Alanna,Quipp,aquippce@loc.gov,Female,Sales,31/07/2019,$3463.39
Alyce,Taverner,atavernercf@pbs.org,Female,Sales,28/12/2018,$1892.47
Kimbell,Hamberston,khamberstoncg@google.ru,Female,Accounting,19/11/2018,$4170.16
Brook,Ferrea,bferreach@cam.ac.uk,Female,Sales,20/04/2018,$2536.93
Neal,Tash,ntashci@columbia.edu,Male,Research and Development,09/01/2020,$4295.12
Chantalle,Krauze,ckrauzecj@tiny.cc,Female,Product Management,20/06/2019,$4990.61
Nickie,Castella,ncastellack@squarespace.com,Male,Accounting,17/10/2020,$4577.05
Ilsa,Renvoise,irenvoisecl@deliciousdays.com,Female,Research and Development,03/08/2019,$1574.31
Henri,Hatcher,hhatchercm@liveinternet.ru,Male,Support,14/08/2019,$2795.57
Edlin,Leggett,eleggettcn@state.tx.us,Male,Services,30/08/2018,$1889.68
Kerwin,Folland,kfollandco@edublogs.org,Male,Marketing,24/09/2019,$4994.02
Ange,Ainge,aaingecp@ft.com,Male,Legal,23/10/2018,$3988.28
Brig,Lawden,blawdencq@xing.com,Female,Legal,12/07/2020,$2832.19
Drusy,Winsley,dwinsleycr@wp.com,Genderqueer,Engineering,04/03/2020,$3783.50
Darrin,Allsep,dallsepcs@oaic.gov.au,Male,Research and Development,07/05/2020,$3811.37
Vern,Lemmanbie,vlemmanbiect@jugem.jp,Female,Accounting,04/04/2020,$4299.97
Rozele,Menel,rmenelcu@parallels.com,Female,Legal,29/04/2021,$3250.81
Dulcinea,Cohrs,dcohrscv@ted.com,Male,Research and Development,16/06/2021,$1743.03
Theobald,Dewicke,tdewickecw@va.gov,Male,Sales,14/03/2020,$1597.12
Whitby,Orknay,worknaycx@tuttocitta.it,Male,Engineering,16/03/2020,$3259.55
Celisse,Kembry,ckembrycy@deliciousdays.com,Female,Product Management,14/06/2020,$1872.09
Trina,Gemlett,tgemlettcz@fda.gov,Male,Legal,09/07/2020,$1927.14
Hamlin,Jeste,hjested0@fc2.com,Female,Legal,15/12/2018,$1795.46
Byrle,Riha,brihad1@tripadvisor.com,Male,Legal,12/03/2021,$4535.62
Marcelline,Blackshaw,mblackshawd2@ovh.net,Male,Product Management,21/12/2019,$4941.90
Jewel,Purrier,jpurrierd3@jalbum.net,Male,Legal,14/09/2020,$1722.77
Celine,Hotchkin,chotchkind4@forbes.com,Male,Marketing,20/03/2020,$1747.82
Vernice,Griffey,vgriffeyd5@yolasite.com,Polygender,Marketing,26/01/2019,$2241.48
Domini,Brandli,dbrandlid6@hc360.com,Female,Engineering,22/06/2019,$4191.84
Pernell,Vaillant,pvaillantd7@cloudflare.com,Female,Research and Development,21/06/2020,$2373.93
Yancey,Andreassen,yandreassend8@shareasale.com,Male,Human Resources,19/10/2019,$2168.05
Ophelia,Risdale,orisdaled9@yellowpages.com,Female,Legal,25/02/2021,$2423.37
Lorettalorna,Horwell,lhorwellda@google.co.uk,Female,Sales,08/02/2020,$2983.45
Tomaso,Poller,tpollerdb@gravatar.com,Male,Human Resources,17/07/2021,$2351.16
Camille,McClenaghan,cmcclenaghandc@cnbc.com,Male,Sales,19/04/2021,$4721.34
Matt,Borrie,mborriedd@biglobe.ne.jp,Female,Product Management,12/09/2019,$3038.98
Pennie,Nilles,pnillesde@arizona.edu,Female,Business Development,04/08/2019,$2049.80
Gayla,Durrance,gdurrancedf@cbc.ca,Female,Marketing,29/04/2021,$1785.78
Mufinella,Laverenz,mlaverenzdg@printfriendly.com,Male,Training,10/01/2022,$4802.58
Bibbie,Cowterd,bcowterddh@opensource.org,Male,Marketing,01/09/2021,$2409.71
Jeffie,Housecraft,jhousecraftdi@constantcontact.com,Female,Product Management,31/05/2018,$2923.73
Kippie,Raubenheimer,kraubenheimerdj@storify.com,Male,Research and Development,18/01/2020,$2664.37
Anthiathia,Yersin,ayersindk@admin.ch,Male,Research and Development,02/11/2020,$2244.73
Micheil,Truscott,mtruscottdl@arizona.edu,Male,Business Development,06/05/2021,$2924.37
Gilemette,Renne,grennedm@opera.com,Polygender,Engineering,08/01/2019,$3992.27
Mildred,Martellini,mmartellinidn@nps.gov,Male,Engineering,21/08/2020,$2413.99
Cherilynn,Forker,cforkerdo@dyndns.org,Male,Support,30/03/2018,$2293.81
Harriott,Print,hprintdp@google.ca,Male,Engineering,14/10/2018,$3691.70
Mireielle,Morillas,mmorillasdq@usgs.gov,Female,Support,17/09/2019,$2805.69
Ernaline,Ace,eacedr@house.gov,Female,Product Management,30/12/2020,$1957.29
Levin,Roblou,lroblouds@twitpic.com,Male,Engineering,21/11/2018,$3852.41
Fayth,Buxcey,fbuxceydt@loc.gov,Male,Business Development,28/04/2021,$2748.67
Dody,Beaconsall,dbeaconsalldu@is.gd,Female,Human Resources,12/01/2020,$1580.92
Goldia,Vian,gviandv@army.mil,Female,Research and Development,01/07/2020,$4224.96
Emlen,Guerrin,eguerrindw@stanford.edu,Female,Product Management,04/10/2020,$4226.77
Essie,Seagood,eseagooddx@is.gd,Female,Training,26/02/2022,$4515.84
Kathrine,Littefair,klittefairdy@uiuc.edu,Female,Support,28/08/2021,$2517.06
Annamarie,Priddie,apriddiedz@army.mil,Female,Legal,30/08/2019,$3450.28
Katherina,Sapir,ksapire0@forbes.com,Male,Support,28/10/2019,$4731.94
Arlyne,Lyons,alyonse1@sciencedirect.com,Male,Accounting,15/12/2020,$1515.17
Hammad,Blackader,hblackadere2@washington.edu,Male,Human Resources,25/10/2018,$4232.64
Lanna,Reneke,lrenekee3@stanford.edu,Female,Engineering,10/12/2018,$2129.92
Sybilla,Worsnip,sworsnipe4@usda.gov,Bigender,Support,06/11/2020,$3313.50
Gare,Edkins,gedkinse5@prlog.org,Female,Marketing,29/08/2019,$1537.09
Fredelia,Dawbury,fdawburye6@deliciousdays.com,Female,Accounting,07/04/2019,$4417.53
Cary,Dono,cdonoe7@wordpress.com,Male,Training,20/05/2020,$1558.72
Tadd,Warland,twarlande8@zdnet.com,Female,Support,15/09/2019,$3117.51
Chrotoem,Sessions,csessionse9@ehow.com,Male,Legal,07/02/2021,$2020.37
Marcella,Critchard,mcritchardea@4shared.com,Female,Human Resources,03/01/2019,$4144.32
Antonino,Ennion,aennioneb@vkontakte.ru,Female,Business Development,23/06/2019,$4650.72
Ynez,Le Page,ylepageec@loc.gov,Female,Research and Development,01/03/2021,$1624.95
Max,Courtliff,mcourtliffed@ocn.ne.jp,Genderqueer,Sales,06/11/2021,$1656.69
Biron,Spellacey,bspellaceyee@altervista.org,Female,Sales,01/06/2018,$4605.77
Melita,Dillestone,mdillestoneef@cloudflare.com,Genderqueer,Sales,01/09/2018,$3169.08
Lauree,Claxton,lclaxtoneg@blogspot.com,Male,Research and Development,17/11/2021,$4894.19
Caritta,Courtier,ccourtiereh@yellowpages.com,Male,Human Resources,26/12/2021,$4669.93
Shena,Leisman,sleismanei@bbc.co.uk,Male,Engineering,19/07/2021,$1651.80
Culver,Cufflin,ccufflinej@cdc.gov,Male,Legal,27/11/2019,$4987.43
Stoddard,Hussey,shusseyek@blog.com,Female,Accounting,17/01/2021,$3912.30
Evvie,Waistell,ewaistellel@friendfeed.com,Male,Support,05/04/2018,$4006.68
Mignonne,Arkle,markleem@lulu.com,Female,Human Resources,26/05/2019,$2063.15
Ada,Crichley,acrichleyen@netscape.com,Female,Sales,15/06/2019,$1670.20
Timofei,Jordon,tjordoneo@shareasale.com,Genderfluid,Support,31/08/2021,$2575.88
Zollie,Woltering,zwolteringep@studiopress.com,Female,Legal,27/05/2019,$3023.11
Merle,Shireff,mshireffeq@netscape.com,Female,Engineering,26/01/2019,$1778.26
Boony,Sheringham,bsheringhamer@ameblo.jp,Female,Engineering,21/02/2020,$1622.26
Lonna,Mercer,lmerceres@virginia.edu,Female,Marketing,21/10/2021,$1874.70
Susan,Dyer,sdyeret@imdb.com,Male,Research and Development,15/01/2019,$4419.09
Devin,Eddowis,deddowiseu@ucsd.edu,Female,Product Management,11/07/2019,$3678.10
Richie,Tremellan,rtremellanev@wsj.com,Female,Human Resources,05/04/2019,$2035.01
Elene,Stoneley,estoneleyew@nature.com,Female,Business Development,18/06/2021,$4815.16
Chester,Martina,cmartinaex@macromedia.com,Female,Research and Development,14/03/2020,$1652.01
Jeremias,Larrat,jlarratey@tumblr.com,Female,Business Development,22/02/2019,$2127.11
Ted,Duinkerk,tduinkerkez@sphinn.com,Male,Training,25/04/2020,$2021.24
Lucila,Sizeland,lsizelandf0@taobao.com,Female,Engineering,06/03/2022,$4903.87
Ketty,Harberer,kharbererf1@pbs.org,Female,Legal,03/03/2020,$4127.31
Gusty,Damiral,gdamiralf2@msu.edu,Female,Engineering,20/05/2018,$4799.03
Gabriela,Elger,gelgerf3@comsenz.com,Female,Research and Development,25/07/2018,$2052.10
Ilario,Etherton,iethertonf4@networksolutions.com,Female,Marketing,30/01/2021,$3739.39
Lenette,Ryson,lrysonf5@cbsnews.com,Bigender,Training,03/10/2020,$2452.60
Cristal,Fettiplace,cfettiplacef6@ca.gov,Female,Training,15/11/2018,$4977.02
Trey,Bacher,tbacherf7@delicious.com,Female,Marketing,11/09/2018,$4276.78
Pen,MacCook,pmaccookf8@ft.com,Female,Sales,13/01/2021,$2924.65
Tan,Messum,tmessumf9@surveymonkey.com,Female,Marketing,23/02/2020,$2699.63
Gil,Finnimore,gfinnimorefa@youtu.be,Male,Support,19/04/2020,$4958.28
Barnaby,Fairholm,bfairholmfb@businesswire.com,Male,Engineering,15/07/2020,$2644.70
Francisca,Buncher,fbuncherfc@youtube.com,Polygender,Services,01/04/2018,$1561.04
Mariquilla,Sainsbury,msainsburyfd@wufoo.com,Male,Training,11/04/2021,$4012.13
Roscoe,Bernardos,rbernardosfe@washington.edu,Female,Training,13/06/2019,$2960.79
Chrisy,Borthe,cbortheff@google.it,Male,Engineering,13/03/2020,$2314.71
Alfreda,Klees,akleesfg@thetimes.co.uk,Male,Human Resources,13/11/2019,$3367.16
Iolanthe,Motte,imottefh@cbslocal.com,Male,Marketing,08/12/2019,$1909.14
Natasha,Hanbidge,nhanbidgefi@is.gd,Male,Product Management,28/04/2019,$2465.89
Saundra,Nowlan,snowlanfj@netlog.com,Female,Legal,24/11/2018,$3216.34
Audry,Shurman,ashurmanfk@va.gov,Agender,Legal,23/08/2021,$2945.49
Ernestus,Roon,eroonfl@google.it,Female,Legal,13/08/2021,$1533.88
Renee,Hubner,rhubnerfm@newsvine.com,Female,Marketing,09/11/2020,$4277.64
Cariotta,Witt,cwittfn@hao123.com,Male,Engineering,04/06/2020,$4736.81
Thia,Shenton,tshentonfo@usnews.com,Male,Human Resources,30/03/2021,$2686.73
Sherm,Chason,schasonfp@mac.com,Male,Human Resources,19/10/2020,$4458.77
Pammie,McCrann,pmccrannfq@people.com.cn,Female,Support,28/05/2018,$3596.93
Eddie,Skahill,eskahillfr@boston.com,Female,Services,06/12/2018,$2472.87
Kliment,Gillmore,kgillmorefs@icq.com,Female,Accounting,17/02/2022,$4760.74
Keeley,Balogun,kbalogunft@thetimes.co.uk,Male,Research and Development,18/12/2021,$4973.83
Thorin,Ringham,tringhamfu@amazon.co.jp,Female,Support,13/12/2020,$1502.52
Waylan,Vallow,wvallowfv@cdbaby.com,Non-binary,Product Management,22/01/2021,$4107.93
Cord,Orgen,corgenfw@over-blog.com,Male,Legal,13/06/2018,$4146.48
Magdalen,Jesteco,mjestecofx@google.es,Male,Research and Development,31/07/2021,$4616.62
Carrie,Danis,cdanisfy@multiply.com,Male,Product Management,06/08/2020,$3869.14
Alyse,McAw,amcawfz@goo.ne.jp,Female,Services,09/10/2019,$3260.58
Dido,Eslinger,deslingerg0@about.me,Male,Research and Development,07/10/2018,$3352.66
Wynny,Vyel,wvyelg1@bluehost.com,Male,Marketing,26/09/2021,$4840.01
Conney,Ohrt,cohrtg2@virginia.edu,Agender,Accounting,07/09/2021,$3339.29
Elmira,Tran,etrang3@bizjournals.com,Bigender,Sales,02/08/2018,$4149.30
Kipp,Haddleston,khaddlestong4@jigsy.com,Genderqueer,Sales,17/05/2019,$1509.53
Bertrand,Bwye,bbwyeg5@house.gov,Female,Research and Development,30/10/2018,$1888.78
Harrietta,Tomaszewski,htomaszewskig6@4shared.com,Male,Product Management,28/08/2021,$3777.73
Livvyy,McMichan,lmcmichang7@reverbnation.com,Female,Legal,19/04/2020,$1794.78
Randa,Quixley,rquixleyg8@state.tx.us,Female,Research and Development,14/04/2020,$2960.88
Bea,Lamminam,blamminamg9@businessweek.com,Female,Business Development,02/01/2021,$2012.45
Ailene,Callear,acallearga@oracle.com,Male,Engineering,28/12/2021,$1853.58
Jens,Petrosian,jpetrosiangb@webs.com,Male,Services,23/12/2020,$2729.19
Puff,Hallums,phallumsgc@flavors.me,Male,Business Development,19/07/2020,$4618.85
Dulcinea,Terese,dteresegd@dion.ne.jp,Agender,Research and Development,05/10/2018,$3817.69
Merrilee,Gallamore,mgallamorege@plala.or.jp,Female,Services,15/10/2019,$3227.43
Brodie,Pawlick,bpawlickgf@123-reg.co.uk,Male,Business Development,23/01/2020,$3242.61
Launce,Kienl,lkienlgg@marriott.com,Agender,Business Development,19/05/2018,$1533.31
Tonie,Vashchenko,tvashchenkogh@github.io,Agender,Marketing,20/07/2020,$4111.10
Aldis,Shawley,ashawleygi@nyu.edu,Female,Services,03/05/2020,$1963.91
Jacquette,Mudge,jmudgegj@ezinearticles.com,Female,Engineering,24/03/2020,$2756.78
Gavrielle,Wallworke,gwallworkegk@youtu.be,Male,Sales,12/07/2020,$3614.11
Phillipp,Metcalf,pmetcalfgl@buzzfeed.com,Female,Legal,27/05/2018,$4994.26
Merrill,Slowey,msloweygm@businessweek.com,Male,Product Management,01/02/2022,$1949.21
Priscella,Hayesman,phayesmangn@pbs.org,Female,Services,23/01/2021,$2736.49
Roselin,McLellan,rmclellango@nifty.com,Male,Human Resources,21/05/2021,$1858.42
Martita,Worral,mworralgp@shutterfly.com,Male,Product Management,14/04/2019,$2771.44
Eb,Thorby,ethorbygq@foxnews.com,Female,Training,16/12/2020,$3647.19
Abraham,Spuffard,aspuffardgr@freewebs.com,Female,Training,13/08/2018,$3038.27
Lu,Foddy,lfoddygs@foxnews.com,Non-binary,Services,24/06/2018,$3553.74
Clio,Reyner,creynergt@techcrunch.com,Non-binary,Research and Development,01/08/2020,$4339.59
Jeffry,Nelthrop,jnelthropgu@sciencedirect.com,Female,Training,09/06/2021,$2030.72
Rabi,Simmonds,rsimmondsgv@icq.com,Male,Engineering,09/10/2021,$2405.35
Leonhard,Phin,lphingw@dagondesign.com,Male,Accounting,01/12/2019,$3412.63
Bev,Snelson,bsnelsongx@g.co,Female,Accounting,24/12/2018,$2369.76
Kareem,Stickins,kstickinsgy@1und1.de,Male,Research and Development,11/05/2021,$2863.94
Kiley,McAuslan,kmcauslangz@paypal.com,Female,Engineering,06/02/2022,$3903.31
Reider,Draper,rdraperh0@sfgate.com,Female,Engineering,07/03/2021,$2879.55
Lulu,McKew,lmckewh1@1688.com,Polygender,Legal,11/07/2020,$4706.90
Jdavie,Pedrocchi,jpedrocchih2@apache.org,Female,Sales,04/08/2019,$4977.51
Brunhilda,Stirzaker,bstirzakerh3@smh.com.au,Male,Support,17/02/2019,$4592.64
Windy,Lyptratt,wlyptratth4@seattletimes.com,Female,Business Development,19/12/2021,$2603.62
Wayland,O'Crigan,wocriganh5@ted.com,Genderfluid,Engineering,11/06/2021,$2221.93
Doreen,Hows,dhowsh6@delicious.com,Male,Research and Development,21/12/2021,$2994.98
Alfie,Desforges,adesforgesh7@bloglines.com,Female,Marketing,27/11/2021,$4131.77
Ernst,Crossgrove,ecrossgroveh8@nymag.com,Male,Product Management,20/05/2020,$2289.71
Roda,Roderighi,rroderighih9@yale.edu,Male,Legal,21/11/2021,$2716.36
Latrena,Caustic,lcausticha@cpanel.net,Male,Support,30/03/2018,$2431.25
Killy,Mettrick,kmettrickhb@angelfire.com,Non-binary,Research and Development,04/05/2020,$2101.36
Napoleon,Carnow,ncarnowhc@linkedin.com,Female,Training,26/07/2019,$1725.55
Andrey,Wheatman,awheatmanhd@cnbc.com,Male,Accounting,17/04/2018,$2995.57
Philippine,Neeves,pneeveshe@eepurl.com,Male,Business Development,03/03/2021,$2950.17
Carolin,Farmery,cfarmeryhf@etsy.com,Male,Support,16/11/2020,$4172.84
Lindy,Colson,lcolsonhg@lulu.com,Female,Accounting,27/06/2020,$4552.37
Xylia,Anan,xananhh@bloglines.com,Female,Engineering,17/02/2019,$3664.63
Dev,Self,dselfhi@telegraph.co.uk,Male,Research and Development,02/04/2019,$3310.34
Rich,Minifie,rminifiehj@nps.gov,Male,Human Resources,06/11/2018,$2427.53
Katti,Ganforthe,kganforthehk@merriam-webster.com,Female,Engineering,01/06/2018,$2322.40
Gaye,Reinert,greinerthl@webnode.com,Bigender,Human Resources,07/01/2019,$4371.02
Clarence,Klosterman,cklostermanhm@purevolume.com,Female,Sales,16/03/2019,$4080.86
Reinhold,Barz,rbarzhn@buzzfeed.com,Female,Accounting,01/10/2018,$2479.55
Sophie,Korting,skortingho@friendfeed.com,Female,Training,12/11/2020,$2666.76
Berrie,Rawlison,brawlisonhp@com.com,Female,Human Resources,14/12/2018,$4706.36
Lanie,Thorbon,lthorbonhq@ucsd.edu,Male,Sales,01/12/2019,$2530.48
Lyn,MacIver,lmaciverhr@hibu.com,Male,Marketing,27/09/2019,$1793.27
Berty,Iacopetti,biacopettihs@marriott.com,Female,Product Management,11/03/2020,$4148.90
Kerrill,Nafziger,knafzigerht@gizmodo.com,Female,Business Development,04/08/2019,$3358.62
Darren,Elstone,delstonehu@biglobe.ne.jp,Female,Marketing,11/01/2020,$4037.86
Huntington,Kenaway,hkenawayhv@joomla.org,Male,Research and Development,21/09/2018,$2503.53
Myrle,Francklyn,mfrancklynhw@tripadvisor.com,Male,Engineering,02/01/2022,$4809.13
Saundra,Eby,sebyhx@sakura.ne.jp,Male,Accounting,01/09/2021,$2535.04
Sherwynd,Cyson,scysonhy@cafepress.com,Male,Engineering,29/06/2018,$3706.12
Micheline,Nevill,mnevillhz@jiathis.com,Female,Engineering,21/01/2021,$3470.83
Jeno,Yea,jyeai0@elpais.com,Female,Legal,07/01/2020,$4719.61
Drusie,Baress,dbaressi1@bbc.co.uk,Male,Business Development,17/05/2019,$4197.28
Tome,Elsley,telsleyi2@google.com,Female,Accounting,12/06/2021,$3022.31
Efren,Ragat,eragati3@eepurl.com,Male,Engineering,27/06/2018,$4050.88
Sanders,Spreull,sspreulli4@rakuten.co.jp,Female,Product Management,07/05/2018,$1704.47
Rennie,Breadon,rbreadoni5@myspace.com,Female,Support,26/08/2018,$1944.45
Ambrosio,Hourahan,ahourahani6@usatoday.com,Female,Research and Development,07/04/2018,$4663.80
Erhart,Paskerful,epaskerfuli7@wisc.edu,Female,Human Resources,14/09/2020,$2640.99
Gretna,Beacroft,gbeacrofti8@lycos.com,Female,Support,21/07/2021,$4305.24
Ignatius,Mitten,imitteni9@narod.ru,Female,Training,12/06/2018,$3161.79
Fairfax,Ducker,fduckeria@dion.ne.jp,Male,Research and Development,06/01/2021,$1885.69
Jayme,Matzkaitis,jmatzkaitisib@craigslist.org,Female,Support,23/11/2020,$3867.99
Corabelle,Renfree,crenfreeic@wikipedia.org,Male,Support,25/05/2020,$2739.81
Alic,Eagleston,aeaglestonid@guardian.co.uk,Female,Human Resources,02/03/2020,$4287.96
Kurtis,Inchcomb,kinchcombie@google.co.jp,Male,Business Development,22/06/2019,$2538.82
Esteban,Andrag,eandragif@sfgate.com,Female,Training,12/07/2020,$4300.31
Finlay,Doudny,fdoudnyig@devhub.com,Male,Research and Development,12/05/2019,$2309.42
Pace,Alders,paldersih@fc2.com,Male,Engineering,12/09/2019,$4856.36
Teirtza,Poleykett,tpoleykettii@phoca.cz,Female,Support,08/04/2021,$1525.73
Georgiana,Yate,gyateij@foxnews.com,Female,Training,19/10/2021,$2271.61
Yance,Rupert,yrupertik@army.mil,Male,Sales,21/11/2019,$1543.49
Shalne,Andersch,sanderschil@miitbeian.gov.cn,Male,Services,21/10/2021,$4655.41
Bobby,Sexti,bsextiim@parallels.com,Male,Sales,05/12/2018,$4536.59
Ives,Dunsford,idunsfordin@mit.edu,Female,Product Management,25/10/2019,$4178.07
Erin,Brason,ebrasonio@google.com.au,Male,Accounting,05/06/2020,$1688.40
Ardeen,Duckwith,aduckwithip@bbb.org,Female,Engineering,30/09/2021,$3498.99
Willdon,Hallin,whalliniq@webnode.com,Male,Support,15/04/2018,$4317.21
Gottfried,Scarasbrick,gscarasbrickir@shareasale.com,Male,Business Development,15/08/2018,$3755.15
Easter,Occleshaw,eoccleshawis@reference.com,Female,Marketing,24/07/2018,$2026.61
Hulda,Halbord,hhalbordit@patch.com,Female,Human Resources,14/01/2020,$3267.18
Loraine,De Normanville,ldenormanvilleiu@wix.com,Female,Engineering,29/08/2021,$1747.88
Dareen,Govier,dgovieriv@nbcnews.com,Female,Product Management,10/09/2021,$2093.53
Carmina,Deal,cdealiw@cpanel.net,Male,Accounting,26/05/2019,$3053.65
Wrennie,McQuaker,wmcquakerix@economist.com,Male,Accounting,24/11/2019,$3895.94
Darya,Burton,dburtoniy@wsj.com,Male,Training,06/04/2019,$4151.50
Spike,Gregolotti,sgregolottiiz@slashdot.org,Male,Accounting,06/06/2018,$4360.93
Alick,Dalmon,adalmonj0@dion.ne.jp,Female,Research and Development,02/06/2021,$3067.49
Andonis,Colthard,acolthardj1@printfriendly.com,Polygender,Legal,10/10/2020,$2844.83
Debee,Mouse,dmousej2@blog.com,Male,Marketing,30/09/2021,$3075.52
Ileane,Pactat,ipactatj3@digg.com,Male,Services,26/06/2018,$1905.81
Twila,Prop,tpropj4@census.gov,Male,Services,07/06/2019,$4139.42
Faunie,MacFaul,fmacfaulj5@imdb.com,Female,Services,23/05/2018,$4620.36
Danny,Marques,dmarquesj6@google.ca,Male,Training,16/10/2018,$2335.79
Matias,O'Carran,mocarranj7@nymag.com,Bigender,Product Management,10/02/2022,$3006.91
Melesa,Jandak,mjandakj8@hao123.com,Agender,Engineering,11/05/2018,$3318.76
Bethina,Rowena,browenaj9@patch.com,Female,Support,16/10/2020,$4591.28
Sawyer,Marcam,smarcamja@merriam-webster.com,Genderqueer,Support,10/05/2020,$1564.23
Eldredge,Sebright,esebrightjb@time.com,Male,Training,25/04/2019,$3712.92
Vito,Couche,vcouchejc@storify.com,Female,Human Resources,03/07/2020,$3723.88
Cristi,Doylend,cdoylendjd@sogou.com,Female,Human Resources,19/03/2021,$3377.88
Ibby,Rout,iroutje@loc.gov,Female,Research and Development,14/06/2020,$4482.16
Linn,Robertot,lrobertotjf@livejournal.com,Female,Business Development,29/10/2021,$4885.25
Jacinthe,Fears,jfearsjg@nyu.edu,Female,Marketing,21/11/2021,$2118.51
Renado,Chanders,rchandersjh@illinois.edu,Female,Business Development,20/08/2021,$1740.64
Hammad,Aubery,hauberyji@sakura.ne.jp,Male,Services,24/06/2019,$3912.52
Vail,Clynmans,vclynmansjj@yellowbook.com,Male,Services,04/12/2021,$3121.85
Nathanil,Waddoups,nwaddoupsjk@goo.gl,Male,Business Development,24/09/2020,$3073.00
Aubrie,Buckleigh,abuckleighjl@webeden.co.uk,Female,Human Resources,22/08/2019,$1962.21
Tova,Dorling,tdorlingjm@examiner.com,Male,Services,26/08/2020,$2724.37
Riane,Yeates,ryeatesjn@google.fr,Male,Support,16/02/2019,$3751.07
Genevra,Trusdale,gtrusdalejo@yale.edu,Male,Support,08/09/2019,$3488.46
Sioux,Agius,sagiusjp@youtube.com,Female,Legal,11/12/2019,$4751.58
Ermina,Teml,etemljq@instagram.com,Male,Engineering,07/01/2019,$3593.35
Morrie,Hubbuck,mhubbuckjr@icio.us,Male,Accounting,03/12/2019,$4562.29
Jedediah,Dryburgh,jdryburghjs@mapy.cz,Male,Sales,09/05/2018,$4282.37
Alisander,Eallis,aeallisjt@123-reg.co.uk,Female,Engineering,23/01/2020,$2126.80
Dane,Torri,dtorriju@wisc.edu,Female,Product Management,27/06/2020,$3862.01
Tabbie,Raddin,traddinjv@hud.gov,Female,Engineering,04/12/2018,$2472.74
Tomi,Gilling,tgillingjw@pagesperso-orange.fr,Female,Accounting,10/09/2019,$1528.97
Stanislaus,Goodley,sgoodleyjx@exblog.jp,Female,Support,17/11/2019,$4607.02
Natalee,Kilbride,nkilbridejy@vinaora.com,Male,Accounting,03/06/2019,$2775.58
Lock,Portman,lportmanjz@earthlink.net,Male,Support,29/05/2021,$4716.08
Ana,McCullum,amccullumk0@shareasale.com,Non-binary,Accounting,12/07/2019,$2141.69
Kori,Walczynski,kwalczynskik1@home.pl,Female,Support,02/04/2019,$2847.43
Mariette,MacCarrane,mmaccarranek2@etsy.com,Male,Legal,05/03/2020,$2330.07
Dotty,Banting,dbantingk3@reverbnation.com,Female,Legal,19/05/2021,$1709.40
Willy,Bereford,wberefordk4@reverbnation.com,Agender,Marketing,30/03/2021,$3136.35
Karia,Johnsson,kjohnssonk5@time.com,Female,Sales,26/11/2018,$2644.87
Kyla,Marritt,kmarrittk6@google.nl,Female,Marketing,05/02/2019,$2640.80
Pepi,O' Dooley,podooleyk7@woothemes.com,Male,Marketing,23/11/2021,$1930.14
Leanna,Pfleger,lpflegerk8@goo.ne.jp,Male,Support,19/11/2020,$2437.58
Crissie,Clutterham,cclutterhamk9@jigsy.com,Male,Human Resources,01/02/2020,$1843.76
Myles,Ervine,mervineka@economist.com,Female,Training,26/07/2020,$3804.13
Jereme,Roney,jroneykb@fema.gov,Female,Research and Development,05/08/2021,$2825.61
Geri,Wateridge,gwateridgekc@foxnews.com,Male,Product Management,07/08/2019,$2567.18
Reyna,Akrigg,rakriggkd@plala.or.jp,Male,Business Development,26/07/2019,$3754.60
Torrie,Liebrecht,tliebrechtke@ftc.gov,Male,Training,01/12/2021,$2577.37
Kali,Skipp,kskippkf@miibeian.gov.cn,Genderqueer,Product Management,28/09/2018,$3936.20
Ronnie,Nuzzi,rnuzzikg@twitter.com,Female,Support,10/12/2020,$3050.14
Bob,Fer,bferkh@bizjournals.com,Male,Research and Development,18/06/2021,$2986.32
Aksel,Hagley,ahagleyki@uiuc.edu,Male,Support,22/10/2018,$3306.04
Mellisa,Buist,mbuistkj@angelfire.com,Female,Training,15/08/2018,$3928.10
Gav,Tattershaw,gtattershawkk@webnode.com,Female,Services,26/04/2021,$2484.54
Felicity,Maliphant,fmaliphantkl@answers.com,Female,Marketing,18/11/2018,$2475.47
Mitch,Alabastar,malabastarkm@is.gd,Polygender,Legal,21/07/2021,$2592.80
Salomi,Oakeby,soakebykn@feedburner.com,Female,Training,30/08/2018,$4763.16
Markos,Seywood,mseywoodko@wikipedia.org,Female,Marketing,11/05/2020,$1715.87
Nikolos,Severs,nseverskp@themeforest.net,Non-binary,Marketing,19/08/2020,$4309.75
Brett,Margetson,bmargetsonkq@google.com,Female,Research and Development,16/07/2021,$4442.66
Mariann,Cane,mcanekr@house.gov,Female,Legal,01/02/2022,$4986.39
Marmaduke,Yakovitch,myakovitchks@1688.com,Female,Engineering,10/09/2021,$2786.05
Genna,Inett,ginettkt@liveinternet.ru,Male,Accounting,25/07/2018,$1680.73
Denys,Ortas,dortasku@aboutads.info,Female,Sales,09/01/2022,$2364.12
Viola,Eden,vedenkv@cnet.com,Male,Engineering,19/06/2018,$2268.30
Jose,Camosso,jcamossokw@independent.co.uk,Male,Training,27/09/2018,$4694.66
Sheppard,Chotty,schottykx@answers.com,Female,Sales,10/01/2021,$4314.77
Gwenore,Espinoza,gespinozaky@sakura.ne.jp,Female,Product Management,27/01/2022,$3042.91
Eduino,Sanches,esancheskz@virginia.edu,Female,Product Management,03/02/2020,$2358.59
Dionne,Cunnane,dcunnanel0@dmoz.org,Male,Business Development,28/11/2021,$4452.27
Elvira,Gunthorpe,egunthorpel1@cafepress.com,Female,Services,29/09/2019,$3317.09
Salomo,Jiggle,sjigglel2@slate.com,Male,Services,02/12/2020,$4154.44
Arie,Chawkley,achawkleyl3@printfriendly.com,Female,Training,14/02/2022,$1744.15
Kali,Cayette,kcayettel4@ibm.com,Male,Business Development,07/12/2019,$2595.56
Krystal,Gudgin,kgudginl5@pbs.org,Female,Research and Development,04/03/2021,$2057.99
Crawford,Yesinin,cyesininl6@dot.gov,Agender,Accounting,18/04/2021,$2745.91
Carlyn,Waight,cwaightl7@vkontakte.ru,Male,Sales,26/02/2020,$2579.88
Karol,McCurdy,kmccurdyl8@foxnews.com,Male,Sales,02/02/2019,$3926.06
Alexander,Hyne,ahynel9@issuu.com,Male,Sales,28/02/2021,$1878.70
Clarine,Evett,cevettla@blogger.com,Male,Training,23/01/2022,$1548.11
Cordi,Stichall,cstichalllb@canalblog.com,Male,Legal,25/06/2021,$2648.85
Derry,Ferrier,dferrierlc@mapy.cz,Female,Business Development,21/04/2020,$2816.97
Skippie,Yantsurev,syantsurevld@xing.com,Male,Research and Development,12/12/2020,$4816.22
Mikaela,Neeves,mneevesle@gravatar.com,Female,Training,08/09/2019,$2961.66
Clio,Vogel,cvogellf@tripod.com,Male,Services,03/09/2018,$2076.03
Jacintha,Michurin,jmichurinlg@discuz.net,Female,Business Development,17/03/2022,$3623.15
Kelly,Moyse,kmoyselh@prweb.com,Female,Business Development,16/12/2019,$3479.63
Lilias,Jerwood,ljerwoodli@wix.com,Male,Engineering,26/08/2020,$3993.83
Torre,Mattei,tmatteilj@pcworld.com,Male,Product Management,02/09/2018,$1571.07
Kristian,Slides,kslideslk@gizmodo.com,Male,Services,15/07/2020,$3006.12
Cicely,Ruse,crusell@cafepress.com,Female,Sales,04/06/2021,$1706.29
Isa,Pandie,ipandielm@shinystat.com,Female,Services,31/12/2018,$3724.15
Marco,Spondley,mspondleyln@a8.net,Female,Human Resources,16/08/2020,$2951.11
Winston,Antonias,wantoniaslo@wikia.com,Female,Training,26/06/2019,$2570.20
Gertie,Saggers,gsaggerslp@cnbc.com,Male,Business Development,12/04/2018,$3723.85
Oliy,Deeney,odeeneylq@icq.com,Male,Accounting,31/03/2020,$4125.31
Janelle,Sadgrove,jsadgrovelr@thetimes.co.uk,Male,Human Resources,11/08/2021,$2543.27
Faye,Sherbrooke,fsherbrookels@omniture.com,Female,Accounting,24/03/2019,$2231.92
Thedrick,Hollingby,thollingbylt@hatena.ne.jp,Female,Business Development,26/01/2019,$2518.65
Ferrel,Urry,furrylu@phpbb.com,Male,Human Resources,04/11/2019,$2096.74
Portia,Kennsley,pkennsleylv@amazon.co.jp,Male,Research and Development,17/08/2019,$3929.77
Bar,Conaghy,bconaghylw@livejournal.com,Male,Product Management,21/09/2018,$2109.48
Felicdad,Trumpeter,ftrumpeterlx@sohu.com,Genderqueer,Engineering,15/11/2019,$2901.81
Lilllie,MacArdle,lmacardlely@csmonitor.com,Female,Accounting,22/06/2021,$3045.33
Wynn,Craw,wcrawlz@photobucket.com,Male,Engineering,09/03/2022,$3215.37
Rodina,Tingly,rtinglym0@imgur.com,Bigender,Business Development,13/05/2019,$4444.93
Fonz,Garlant,fgarlantm1@ameblo.jp,Male,Research and Development,09/10/2020,$3010.92
Bax,Fleeman,bfleemanm2@forbes.com,Female,Training,21/12/2021,$2173.57
Rennie,Tipling,rtiplingm3@netscape.com,Male,Engineering,17/03/2019,$2330.26
Paige,Lensch,plenschm4@jimdo.com,Male,Legal,13/05/2018,$2312.89
Babbie,Mompesson,bmompessonm5@bravesites.com,Male,Product Management,31/10/2020,$2646.59
Abigael,Lode,alodem6@odnoklassniki.ru,Genderfluid,Marketing,04/12/2019,$2722.78
Karlis,Camilio,kcamiliom7@bizjournals.com,Male,Support,28/09/2021,$4543.42
Clarissa,Roman,cromanm8@meetup.com,Male,Training,16/06/2019,$3262.65
Tine,Bremmer,tbremmerm9@bbb.org,Female,Accounting,22/10/2021,$4577.72
Arda,Younie,ayouniema@4shared.com,Male,Services,13/12/2021,$2404.94
Silvia,Dassindale,sdassindalemb@qq.com,Female,Training,08/11/2020,$4513.55
Felisha,Kerrod,fkerrodmc@amazonaws.com,Female,Legal,12/10/2021,$3665.93
Sterne,Bellson,sbellsonmd@alexa.com,Female,Engineering,24/01/2020,$3434.22
Bria,Giovannini,bgiovanninime@freewebs.com,Female,Research and Development,28/06/2021,$3113.71
Livvyy,McColley,lmccolleymf@boston.com,Female,Business Development,02/12/2018,$4804.30
Gunar,Harrop,gharropmg@pinterest.com,Female,Services,10/02/2020,$4247.94
Ricki,Blatherwick,rblatherwickmh@macromedia.com,Male,Accounting,06/10/2021,$3756.97
Sherline,Witnall,switnallmi@princeton.edu,Female,Business Development,17/11/2018,$1582.17
Waverley,Friman,wfrimanmj@unicef.org,Female,Research and Development,23/03/2021,$3329.47
Gusta,Bestiman,gbestimanmk@facebook.com,Female,Research and Development,26/12/2021,$3325.42
Callean,Bosenworth,cbosenworthml@dropbox.com,Male,Sales,04/05/2018,$2633.79
Zelig,Funnell,zfunnellmm@mediafire.com,Male,Marketing,30/04/2021,$2974.11
Casey,MacDermid,cmacdermidmn@diigo.com,Polygender,Training,11/03/2020,$4390.52
Dallis,Bancroft,dbancroftmo@ow.ly,Female,Sales,03/12/2018,$4273.48
Lin,Vedyasov,lvedyasovmp@linkedin.com,Female,Research and Development,27/03/2021,$3134.06
Melonie,Stucksbury,mstucksburymq@gizmodo.com,Male,Accounting,22/04/2018,$4695.18
Marge,Tomaszkiewicz,mtomaszkiewiczmr@weibo.com,Female,Accounting,16/07/2019,$2572.00
Myrilla,Crole,mcrolems@youku.com,Male,Marketing,02/12/2019,$3907.03
Lena,Ikin,likinmt@bbb.org,Male,Services,29/09/2018,$4884.08
Ursuline,Pieroni,upieronimu@china.com.cn,Male,Legal,27/08/2019,$1737.32
Skell,Butting,sbuttingmv@hud.gov,Female,Services,07/11/2021,$2137.57
Vinita,Baude,vbaudemw@cnet.com,Female,Services,22/01/2020,$1960.32
Elane,Late,elatemx@dot.gov,Female,Engineering,25/04/2018,$4471.59
Heindrick,Rossbrooke,hrossbrookemy@ifeng.com,Female,Engineering,24/04/2020,$3820.02
Adi,Jeremiah,ajeremiahmz@pagesperso-orange.fr,Male,Marketing,05/02/2022,$2376.56
Rey,Grammer,rgrammern0@tripod.com,Male,Accounting,05/04/2018,$1756.35
Bail,Semiraz,bsemirazn1@webeden.co.uk,Male,Services,25/12/2018,$2197.86
Loren,Lillico,llillicon2@berkeley.edu,Female,Product Management,04/01/2020,$3198.70
Kendrick,Vamplers,kvamplersn3@vistaprint.com,Female,Services,14/11/2021,$4105.67
Rosmunda,Lammenga,rlammengan4@arizona.edu,Female,Product Management,03/12/2019,$2862.85
Donetta,Greenan,dgreenann5@altervista.org,Female,Sales,22/10/2019,$4859.77
Kirby,Lavigne,klavignen6@nyu.edu,Male,Training,01/04/2019,$3667.59
Daphene,Torbet,dtorbetn7@artisteer.com,Male,Sales,01/08/2020,$4388.28
Hastings,Boner,hbonern8@cpanel.net,Male,Support,28/09/2019,$2520.11
Cart,Gartshore,cgartshoren9@apple.com,Female,Accounting,19/09/2020,$3715.73
Maryjane,Bestwick,mbestwickna@nifty.com,Female,Services,11/04/2018,$4432.79
Katleen,Kryska,kkryskanb@latimes.com,Female,Engineering,11/06/2018,$2378.28
Jillian,Spiring,jspiringnc@weebly.com,Female,Training,30/06/2021,$3281.26
Nanni,Lithcow,nlithcownd@blogtalkradio.com,Female,Accounting,21/11/2019,$3517.84
Griffin,Menendez,gmenendezne@theatlantic.com,Male,Sales,02/01/2021,$4490.95
Giana,Tiron,gtironnf@ask.com,Female,Human Resources,26/02/2022,$4779.34
Marius,Schollick,mschollickng@bandcamp.com,Female,Legal,24/07/2020,$4393.96
Lizzie,Faulconer,lfaulconernh@fc2.com,Female,Training,29/10/2018,$1837.80
Tudor,Arderne,tarderneni@exblog.jp,Non-binary,Human Resources,18/05/2020,$2609.95
Alfons,Gowland,agowlandnj@timesonline.co.uk,Female,Business Development,23/01/2020,$2688.72
Toddy,Lenthall,tlenthallnk@i2i.jp,Bigender,Training,24/08/2019,$2751.26
Florry,Aston,fastonnl@weebly.com,Female,Services,26/04/2021,$1877.01
Janet,Toy,jtoynm@arstechnica.com,Genderfluid,Research and Development,11/06/2021,$2448.74
Sydel,Barratt,sbarrattnn@pen.io,Female,Support,08/10/2018,$4008.49
Brinn,Beltzner,bbeltznerno@meetup.com,Genderfluid,Support,06/11/2019,$4571.32
Nita,Frowen,nfrowennp@ustream.tv,Female,Services,26/11/2018,$3064.16
Ferdinand,Thunders,fthundersnq@twitpic.com,Female,Human Resources,29/05/2018,$1586.12
Nessy,Batram,nbatramnr@woothemes.com,Female,Engineering,04/01/2021,$3210.31
Barbee,Brightey,bbrighteyns@harvard.edu,Male,Training,13/05/2019,$3882.14
Lonni,Ferrieri,lferrierint@nih.gov,Female,Sales,05/08/2021,$2332.96
Estelle,Kliesl,eklieslnu@123-reg.co.uk,Male,Research and Development,10/10/2019,$4195.36
Kakalina,Doore,kdoorenv@opera.com,Female,Research and Development,13/01/2022,$4868.91
Theda,Bustin,tbustinnw@cafepress.com,Female,Sales,09/10/2021,$2298.27
Petey,Blaskett,pblaskettnx@wordpress.com,Female,Support,02/09/2018,$3637.57
Alexia,Cleaves,acleavesny@360.cn,Male,Product Management,06/05/2020,$1603.78
Aron,Slator,aslatornz@google.ca,Male,Training,14/08/2019,$3090.34
Michail,James,mjameso0@earthlink.net,Male,Marketing,15/06/2020,$4934.55
Madella,Marke,mmarkeo1@cpanel.net,Female,Legal,06/09/2020,$3034.72
Isabella,Deveraux,ideverauxo2@ask.com,Male,Support,25/03/2020,$3700.11
Phyllys,Houndsom,phoundsomo3@webs.com,Female,Human Resources,11/05/2021,$1935.43
Clio,Garwood,cgarwoodo4@webnode.com,Male,Services,11/08/2021,$4113.44
Vasili,Devereux,vdevereuxo5@hatena.ne.jp,Female,Sales,21/08/2020,$4950.38
Cash,Norssister,cnorssistero6@ibm.com,Male,Training,02/02/2020,$3131.84
Jany,Dumini,jduminio7@time.com,Female,Product Management,24/06/2018,$3839.90
Janos,Stean,jsteano8@imgur.com,Non-binary,Human Resources,22/01/2022,$1744.50
Julio,Balogh,jbalogho9@uiuc.edu,Female,Marketing,28/10/2021,$4766.68
Kaleb,Daymont,kdaymontoa@cloudflare.com,Male,Marketing,07/12/2020,$1884.51
Putnem,Calow,pcalowob@ehow.com,Female,Services,15/12/2021,$2877.99
Adrea,Degoy,adegoyoc@networkadvertising.org,Female,Support,23/02/2020,$3252.10
Mariellen,Wayte,mwayteod@eventbrite.com,Female,Services,04/05/2021,$1992.53
Sherill,Anker,sankeroe@nbcnews.com,Male,Training,01/10/2020,$3827.42
Penelopa,Schubbert,pschubbertof@com.com,Genderfluid,Marketing,11/06/2018,$3055.86
Lyle,Tamblyn,ltamblynog@spiegel.de,Female,Product Management,17/12/2020,$4189.97
Cos,Bishop,cbishopoh@facebook.com,Male,Engineering,23/09/2021,$3906.71
Giacinta,Keirl,gkeirloi@netscape.com,Male,Marketing,26/03/2018,$4468.71
Shelagh,Simm,ssimmoj@ehow.com,Female,Human Resources,15/08/2018,$3093.72
Phaedra,McTrustam,pmctrustamok@columbia.edu,Male,Support,11/07/2020,$2768.42
Morgen,Pattle,mpattleol@buzzfeed.com,Non-binary,Marketing,02/05/2018,$4896.03
Perri,Knobell,pknobellom@harvard.edu,Female,Training,16/11/2021,$1937.54
Vale,Adshead,vadsheadon@bluehost.com,Male,Support,24/08/2021,$4642.98
Bee,Huckett,bhuckettoo@usa.gov,Male,Engineering,16/11/2021,$2576.92
Cori,Yesichev,cyesichevop@stanford.edu,Female,Services,27/01/2022,$2594.98
Carie,Stockell,cstockelloq@cbsnews.com,Male,Human Resources,01/04/2019,$4205.82
Alonzo,Maginn,amaginnor@cafepress.com,Male,Engineering,17/09/2019,$2618.63
Valdemar,Oke,vokeos@unesco.org,Male,Services,18/06/2018,$2925.32
Isabelle,Shevill,ishevillot@google.co.jp,Female,Services,16/09/2021,$2679.08
Francesca,Woolhouse,fwoolhouseou@reuters.com,Female,Engineering,17/04/2021,$1592.08
Rafaela,Gillam,rgillamov@cyberchimps.com,Female,Research and Development,05/12/2018,$2158.78
Jerrie,MacIntosh,jmacintoshow@apache.org,Female,Support,20/03/2021,$2134.21
Klement,de Courcey,kdecourceyox@fema.gov,Female,Support,23/08/2021,$4039.69
Tito,Lewcock,tlewcockoy@clickbank.net,Female,Legal,14/11/2020,$4008.98
Florentia,Higford,fhigfordoz@utexas.edu,Female,Research and Development,22/03/2020,$3657.02
Sydel,Smowton,ssmowtonp0@accuweather.com,Female,Research and Development,02/04/2019,$2979.68
Selina,Perfitt,sperfittp1@wufoo.com,Female,Research and Development,01/11/2018,$2259.63
Merola,Stoner,mstonerp2@comsenz.com,Polygender,Business Development,22/02/2020,$2674.36
Kacy,Pierson,kpiersonp3@histats.com,Male,Engineering,07/04/2021,$2527.89
Meggi,Skirrow,mskirrowp4@harvard.edu,Female,Training,26/07/2021,$3611.70
Silvio,Humby,shumbyp5@miitbeian.gov.cn,Female,Business Development,13/03/2019,$3051.78
Kean,Whetton,kwhettonp6@opensource.org,Female,Human Resources,20/05/2020,$3829.74
Merilee,Doughtery,mdoughteryp7@nature.com,Genderqueer,Business Development,15/12/2020,$4082.21
Seana,McCrackan,smccrackanp8@dailymotion.com,Male,Product Management,06/06/2018,$2291.89
Norah,Ginsie,nginsiep9@earthlink.net,Male,Sales,19/05/2021,$3160.73
Allix,Nono,anonopa@rakuten.co.jp,Male,Accounting,29/10/2021,$3999.74
Darline,Mochar,dmocharpb@nhs.uk,Male,Human Resources,23/07/2019,$2477.14
Emma,Oldland,eoldlandpc@nydailynews.com,Female,Research and Development,20/03/2019,$3000.75
Gratiana,Udy,gudypd@devhub.com,Female,Training,16/06/2020,$2842.77
Camala,McQuaide,cmcquaidepe@discuz.net,Agender,Marketing,16/01/2019,$3427.81
Torey,Morrad,tmorradpf@clickbank.net,Male,Accounting,27/04/2020,$2074.77
Addy,Kiebes,akiebespg@ca.gov,Agender,Accounting,30/06/2019,$1754.49
Trey,Paynter,tpaynterph@slideshare.net,Female,Human Resources,14/09/2019,$3712.06
Pearl,Bodemeaid,pbodemeaidpi@ezinearticles.com,Male,Engineering,05/04/2019,$3605.26
Wyn,Hoy,whoypj@ibm.com,Male,Engineering,17/05/2019,$4474.64
Hashim,Abdee,habdeepk@pinterest.com,Male,Services,25/03/2021,$2302.83
Penelopa,Abella,pabellapl@hexun.com,Bigender,Human Resources,31/07/2019,$4617.32
Mada,Busk,mbuskpm@typepad.com,Female,Engineering,23/04/2021,$4924.22
Mallissa,Rolland,mrollandpn@ifeng.com,Female,Human Resources,11/10/2021,$2958.16
Miquela,Propper,mpropperpo@taobao.com,Male,Accounting,24/03/2020,$4075.98
Timmie,Tsar,ttsarpp@globo.com,Male,Training,13/04/2018,$4685.54
Letizia,Sillito,lsillitopq@shutterfly.com,Male,Services,25/07/2020,$2343.29
Dulci,Greyes,dgreyespr@who.int,Male,Accounting,27/08/2019,$4017.86
Shalna,Brandacci,sbrandaccips@smugmug.com,Female,Legal,09/11/2020,$3680.46
Rickert,Heberden,rheberdenpt@ihg.com,Male,Research and Development,05/10/2020,$3000.42
Nicolle,Bromidge,nbromidgepu@amazon.com,Male,Product Management,24/06/2019,$3094.95
Tressa,Aleveque,talevequepv@amazonaws.com,Female,Services,18/11/2018,$4461.69
Lemuel,Palleske,lpalleskepw@merriam-webster.com,Male,Engineering,31/07/2019,$2823.10
Lindsay,Bennallck,lbennallckpx@tiny.cc,Male,Research and Development,02/07/2018,$3948.66
Oralle,De Castri,odecastripy@intel.com,Female,Marketing,09/09/2019,$1719.53
Gisella,Bransden,gbransdenpz@washingtonpost.com,Female,Human Resources,25/12/2021,$3402.68
Eleen,LeEstut,eleestutq0@storify.com,Agender,Human Resources,06/02/2020,$1840.45
Rhody,Backshall,rbackshallq1@comcast.net,Female,Research and Development,22/03/2019,$3590.20
Zak,Vernon,zvernonq2@nbcnews.com,Male,Marketing,23/05/2021,$3883.73
Chancey,Sterman,cstermanq3@netlog.com,Bigender,Marketing,12/01/2022,$4387.16
Hugibert,Kobieriecki,hkobierieckiq4@mac.com,Female,Human Resources,20/05/2020,$4387.03
Gillian,Lockyear,glockyearq5@paginegialle.it,Female,Marketing,17/11/2019,$1955.56
Kara-lynn,Sallinger,ksallingerq6@bbc.co.uk,Male,Engineering,02/02/2019,$4403.84
Pat,Teasdale,pteasdaleq7@photobucket.com,Female,Legal,29/12/2021,$4076.35
Margareta,Rottger,mrottgerq8@examiner.com,Polygender,Marketing,15/05/2019,$3155.96
Cullan,Bryson,cbrysonq9@loc.gov,Male,Business Development,17/01/2019,$4909.70
Querida,Hebson,qhebsonqa@unicef.org,Female,Business Development,24/05/2018,$2478.48
Burton,Lowthorpe,blowthorpeqb@google.nl,Male,Legal,23/01/2020,$4009.09
Esmeralda,Kneath,ekneathqc@ft.com,Male,Human Resources,25/09/2019,$1799.83
Karolina,Sircombe,ksircombeqd@domainmarket.com,Male,Engineering,03/11/2019,$1711.05
Saundra,Theunissen,stheunissenqe@uol.com.br,Female,Accounting,19/01/2022,$4249.07
Lew,Livezley,llivezleyqf@mozilla.com,Male,Research and Development,28/04/2021,$4619.47
Keelby,Courson,kcoursonqg@blogspot.com,Male,Training,19/04/2018,$2525.20
Karlie,Throssell,kthrossellqh@redcross.org,Female,Human Resources,09/01/2022,$4117.41
Coraline,Crampsy,ccrampsyqi@theglobeandmail.com,Male,Product Management,29/09/2019,$3583.76
Odelle,Sipson,osipsonqj@furl.net,Male,Services,27/05/2019,$2585.03
Laurie,Enderson,lendersonqk@hao123.com,Male,Accounting,22/09/2021,$4756.45
Trev,Wanklyn,twanklynql@plala.or.jp,Male,Research and Development,28/03/2019,$4883.83
Harriot,Hingeley,hhingeleyqm@ihg.com,Female,Marketing,11/06/2018,$2866.87
Olia,Weems,oweemsqn@biblegateway.com,Female,Training,26/05/2018,$1855.13
Porter,Borsi,pborsiqo@nasa.gov,Male,Support,23/01/2020,$2505.66
Renato,Baskeyfield,rbaskeyfieldqp@independent.co.uk,Male,Sales,11/04/2019,$2823.57
Edsel,Leat,eleatqq@symantec.com,Male,Marketing,08/12/2018,$1909.80
Aubry,Grewer,agrewerqr@dot.gov,Female,Research and Development,12/06/2021,$2328.14
Adriana,McSweeney,amcsweeneyqs@hp.com,Male,Legal,15/12/2021,$3636.30
Jacquelyn,Annett,jannettqt@nymag.com,Female,Research and Development,11/11/2018,$4388.11
Leeland,Brumhead,lbrumheadqu@unblog.fr,Male,Services,09/04/2019,$1716.93
Jayne,Simonsen,jsimonsenqv@mysql.com,Male,Marketing,09/04/2018,$2583.62
Blanche,Hewins,bhewinsqw@pagesperso-orange.fr,Bigender,Accounting,13/07/2018,$2314.54
Aleda,O'Dreain,aodreainqx@vinaora.com,Non-binary,Product Management,17/10/2018,$4596.11
Saunders,Salmond,ssalmondqy@google.es,Female,Research and Development,12/05/2018,$2189.45
Xever,Suttill,xsuttillqz@dagondesign.com,Male,Marketing,13/04/2018,$2792.83
Marco,Muzzall,mmuzzallr0@istockphoto.com,Female,Support,06/09/2020,$2648.38
Wendeline,Gowrie,wgowrier1@ustream.tv,Female,Sales,26/01/2019,$4314.05
Brucie,Deluze,bdeluzer2@nydailynews.com,Female,Human Resources,03/02/2022,$4990.53
Johnny,Muckart,jmuckartr3@google.co.uk,Bigender,Training,09/03/2019,$3655.82
Mirna,Creer,mcreerr4@unblog.fr,Female,Sales,24/12/2018,$1656.54
Zack,Ryal,zryalr5@zimbio.com,Female,Sales,01/05/2020,$3482.50
Tammi,Marwick,tmarwickr6@tripadvisor.com,Male,Human Resources,10/11/2019,$1743.78
Eli,Douty,edoutyr7@cyberchimps.com,Female,Training,18/08/2018,$2878.14
Burty,Grinyov,bgrinyovr8@theguardian.com,Male,Accounting,22/04/2020,$1936.15
Quentin,Riolfi,qriolfir9@state.tx.us,Female,Sales,21/06/2019,$2138.70
Skye,Nuzzetti,snuzzettira@networksolutions.com,Female,Legal,25/01/2021,$3452.98
Kelci,Worms,kwormsrb@ocn.ne.jp,Female,Accounting,19/05/2018,$2678.10
Lotti,Ferier,lferierrc@macromedia.com,Male,Engineering,04/04/2020,$4392.28
Tadio,Hallifax,thallifaxrd@earthlink.net,Female,Accounting,25/06/2019,$3573.73
Ruperta,Muslim,rmuslimre@nba.com,Genderqueer,Human Resources,14/05/2019,$4979.52
Vidovik,Jorat,vjoratrf@360.cn,Male,Business Development,15/04/2021,$4553.99
Rene,Agnew,ragnewrg@amazon.co.jp,Bigender,Product Management,06/12/2021,$3811.18
Marika,McCauley,mmccauleyrh@businessinsider.com,Male,Services,17/11/2021,$2615.19
Jacobo,Craisford,jcraisfordri@newsvine.com,Female,Legal,14/08/2018,$2986.32
Sergent,Sainteau,ssainteaurj@independent.co.uk,Female,Product Management,30/06/2019,$4906.95
Ernestine,Venturoli,eventurolirk@alexa.com,Male,Legal,20/03/2020,$4683.82
Selestina,Medmore,smedmorerl@etsy.com,Male,Services,08/03/2021,$3243.95
Germayne,Peegrem,gpeegremrm@cam.ac.uk,Female,Support,26/04/2021,$3818.24
Lorenza,Quilkin,lquilkinrn@cocolog-nifty.com,Male,Product Management,20/03/2022,$2046.84
Leupold,Haspineall,lhaspineallro@t-online.de,Male,Training,24/03/2018,$2451.94
Dayna,Satcher,dsatcherrp@ibm.com,Female,Support,14/11/2019,$3597.29
Alyss,Caslin,acaslinrq@bizjournals.com,Female,Business Development,19/08/2020,$2562.93
Martie,Wimlet,mwimletrr@forbes.com,Female,Human Resources,10/10/2019,$2015.76
